site_id,lon,lat,block_id,OC_gkg
42522920,9.049762919512675,49.38888024748503,4,17.1
44062954,11.177961659120236,49.69251081351742,9,12.2
43443018,10.322585845581628,50.27372080234275,9,14.8
44062810,11.147418939460172,48.39749949993072,3,14.4
45903358,14.033346621222549,53.262864910250464,0,12.7
42142970,8.512839874194439,49.832827660896896,6,12.5
42303034,8.719811715655577,50.41080371469939,1,18.6
42783118,9.385193846602906,51.171497097291805,1,12.7
46043364,14.248133805655524,53.30948747349626,0,13.7
43663254,10.661071044637865,52.393565209808,5,9.7
43303228,10.131514184649404,52.16171003497675,5,13.8
41783204,7.920850101959675,51.92778873499203,2,10.5
42583236,9.07788018790562,52.23007182809825,2,12.8
42643158,9.178581331255415,51.52974523259867,1,15.8
41323026,7.346018151651592,50.315312799997486,6,8.2
41902954,8.18477513243399,49.68415648137511,6,20.8
44143154,11.339029589562866,51.489051550228055,9,16.6
44483176,11.836336930851433,51.680033379631865,9,19.1
42362906,8.832460452284165,49.2609601510264,4,18.1
44342874,11.54303699058641,48.9685585260455,3,14.0
44502938,11.782258350747435,49.540695530501225,3,20.6
44842892,12.232763465733376,49.1188466730787,3,22.0
43822800,10.822049143552082,48.31045274889954,4,29.6
43882828,10.907389095543436,48.56171153386777,3,54.7
44843230,12.382153297482454,52.15578115410156,7,5.3
42343028,8.777483556896051,50.35753361835111,1,16.9
45383374,13.265646379414004,53.42986172156828,0,6.0
42503366,8.932712437991905,53.39725287675474,8,17.9
44123180,11.317020865101938,51.72297285021278,9,15.0
44523360,11.96641298399194,53.33203518712767,7,17.7
42863378,9.472510092219323,53.50864397198556,8,22.3
44643268,12.106190842200938,52.50262068530011,7,10.1
45002758,12.393561901590772,47.909534637597,3,22.7
42003184,8.247567370793945,51.753246075287606,2,14.3
42762760,9.397860092108992,47.95193511900744,4,14.4
42962776,9.66456989996408,48.09701303739274,4,13.7
43002766,9.718738311596486,48.00718150898079,4,13.2
43222748,10.013385724787687,47.845574589367686,4,18.8
45222812,12.713451974265734,48.38824685250429,3,17.0
45422842,12.999206066144154,48.65091424158084,3,14.3
44442892,11.685060637005703,49.128458646618775,3,18.1
44962918,12.408473935307155,49.34917471192694,3,13.0
45022946,12.503875018480649,49.59899619244058,3,16.7
43802888,10.80776593053458,49.102227840322485,3,25.1
43362802,10.202211597509612,48.33129366349111,4,13.1
43622798,10.55228506373099,48.29410341072857,4,11.1
44603314,12.066664969699678,52.91683386280762,7,6.4
44643358,12.145626883173785,53.31101460947927,7,13.1
45023284,12.6741057648213,52.635122189707744,7,20.1
45923158,13.902012926684272,51.4675818149376,0,33.4
42322970,8.762930849293314,49.83579210133449,1,21.4
44883396,12.52552441682793,53.64536755822856,7,11.6
42283288,8.624500464010495,52.69306352553345,2,13.1
42603298,9.09584649358801,52.787476461894414,2,9.4
41403316,7.308288909718573,52.92249324909758,2,12.0
41603320,7.603475312080247,52.96471406745119,2,21.0
41843340,7.952111473847034,53.15093482584917,2,37.9
41083172,6.923630305058594,51.61813945655603,2,17.3
41363184,7.321314481338306,51.735818758775686,2,12.2
41703214,7.800206359302423,52.015464306722095,2,12.2
41782888,8.042481991429458,49.0880344588334,6,14.2
41802956,8.045536263395464,49.69978716731879,6,15.0
44063148,11.222428265684153,51.43632044305024,9,23.2
44063202,11.235543668832298,51.921590359531606,5,21.1
44163248,11.393736990365744,52.33337808577199,7,11.1
45203194,12.886916655629213,51.82079938465339,0,9.1
42603492,9.058027420126576,54.53056743919993,8,21.7
42763458,9.310184520378929,54.2266673785823,8,11.4
42863486,9.460203172826889,54.47909397341988,8,28.8
42923502,9.551202511108194,54.62318374499265,8,17.8
42983458,9.647412078037394,54.22810468303689,8,24.7
43003518,9.67382254739051,54.76736334809384,8,17.9
43043486,9.73778259561982,54.479992288704,8,9.9
42722806,9.339020440999164,48.36551947581607,4,18.7
42683204,9.229246313279758,51.94359908399253,1,15.6
45283408,13.137726282955384,53.73906184236222,0,9.9
43323106,10.156936507189988,51.06513656765205,1,19.2
44803324,12.36867856822066,53.00118566798645,7,7.9
42143270,8.423277840367723,52.52876166006799,2,39.6
44203300,11.467848001305605,52.799873212815264,7,9.0
45262854,12.78828163743289,48.76437146196513,3,9.9
42323068,8.739754314963031,50.7167699004705,1,15.9
42463090,8.933520921747611,50.91646538813027,1,10.3
44963472,12.68973645076498,54.325212565250204,7,15.4
43803270,10.869480190553592,52.53603801386936,5,16.2
41323278,7.211181027505253,52.57852832680821,2,22.1
41903260,8.073653531788406,52.43380973453655,2,25.0
42523208,8.995774170937095,51.97773506478907,1,10.4
41763142,7.917436503880021,51.37020443813904,2,20.4
43723446,10.779828325198464,54.118330555317485,8,20.1
44343058,11.59693590763358,50.62271629022319,9,29.8
45043316,12.721446980294395,52.92177459687028,7,14.7
45843352,13.938574358747935,53.21193043364089,0,18.0
44482834,11.72162206906937,48.60608830890328,3,20.2
45963328,14.09748633250868,52.99067537916225,0,12.2
43583302,10.548871465651334,52.82556502994108,5,29.9
42823374,9.412682294296964,53.47235203450713,8,252.2
43843308,10.9356860269932,52.87703849572113,5,10.1
41263244,7.142549739798521,52.27121466811092,2,20.2
41043190,6.854729522766626,51.778219240186125,2,18.9
41483196,7.488940113355008,51.84738951706333,2,14.9
41823184,7.986966106870871,51.749113824980654,2,39.1
42482812,9.014189634261545,48.41708277312453,4,49.9
41642978,7.814938729961983,49.89346394257496,6,12.9
43982888,11.054173812968566,49.10016171516901,3,32.1
43362748,10.20032513541296,47.84539492631087,4,42.5
43502764,10.388342524379176,47.988855877184754,4,49.8
41763118,7.927228140476923,51.15460876995036,6,43.9
43843470,10.968205040278328,54.3326685821084,8,34.4
42763084,9.360759670874856,50.86571057457752,1,21.4
42663262,9.19070858759103,52.464621948781854,5,49.4
43103214,9.839741380367384,52.03585606367161,5,47.7
42083224,8.350244807768807,52.11436881950365,2,82.8
44883126,12.390777124210002,51.22045528027632,9,33.3
42503014,9.004936986835114,50.23383560372785,1,24.2
42362968,8.818985723022372,49.81845461635098,1,14.9
45703230,13.63736924398266,52.12389096151532,0,8.9
42622896,9.191067913704678,49.17418289458046,4,14.2
42822906,9.464245591605424,49.26572122203224,4,20.2
42822960,9.458855699900708,49.75135046462725,1,15.9
43022872,9.740657204529,48.96092284613049,4,13.1
43162914,9.931189876290752,49.33893391768798,4,29.1
42522758,9.07707170414991,47.93172302511475,4,25.7
42602746,9.185767853528374,47.82455401171929,4,60.0
42602758,9.184061054488543,47.93253150887045,4,20.3
44202858,11.34801274240406,48.82716370032509,3,13.0
44482856,11.728449265228678,48.80389733446639,3,52.1
45502846,13.10996834067609,48.68388241250803,3,29.8
45202898,12.728543671038942,49.161875975188025,3,14.4
44042974,11.154515630204717,49.87262302798339,9,20.3
44042890,11.136728987579149,49.117319537095696,3,16.3
43382794,10.22889156144796,48.25924877770473,4,12.6
44923314,12.54205341805573,52.90776087843801,7,9.5
45103272,12.785407028523707,52.52471924128945,7,9.4
45883320,13.971991687317184,52.92294240673964,0,11.7
42263008,8.670134880443767,50.17652308860102,1,24.5
42363036,8.80371436319234,50.42975816719432,1,16.7
42403026,8.862194688188522,50.340375796424425,1,14.2
41823036,8.044009127412462,50.41924787837012,6,22.0
42323086,8.735442401599256,50.87855648314043,1,8.5
42323104,8.731040656707071,51.04034306581036,1,15.8
43023088,9.729877421119568,50.90308049039689,1,11.3
43043060,9.759611657023925,50.65146237931501,1,13.0
44603404,12.105921347615702,53.72522778698678,7,14.1
45163414,12.959770025171306,53.79745233582999,7,14.4
43263238,10.073213522710049,52.25163139491712,5,18.9
42543248,9.016974411642314,52.33742050455053,2,19.0
43043230,9.751436987938437,52.17949667760232,5,12.1
43083270,9.808390176951614,52.539092285835366,5,15.9
43023370,9.714156903647476,53.4374974014833,8,12.8
43483278,10.398583318618138,52.61041851939445,5,15.8
40903100,6.710549919665444,50.96461508735908,6,15.6
41523186,7.551822183243376,51.75881563004915,2,14.6
41603222,7.650816527553347,52.08454475207088,2,19.8
42343226,8.729244026138833,52.13700636466346,2,12.4
42503248,8.95831442358931,52.33697134690847,2,12.0
42543212,9.02407110238686,52.01393717073909,1,15.9
42603190,9.115339935253402,51.81693662893168,1,11.3
41602942,7.774245047591369,49.56881279889416,6,15.9
41782970,8.01265792399669,49.82519198098188,6,19.5
43943284,11.078877483281852,52.66018518613468,5,12.6
44263126,11.50351111808515,51.23527748246429,9,16.0
44383218,11.706081214654102,52.05957158717237,7,20.0
44603256,12.04232062550004,52.39590082954671,7,17.4
43463466,10.383940779486991,54.29988007423804,8,14.4
43503456,10.444397398108237,54.209868882769264,8,13.9
43743460,10.81279649612565,54.24391503203739,8,11.8
43543126,10.472604498029588,51.24408097224866,9,17.0
43583104,10.527581393417702,51.04609228362872,9,23.4
43743118,10.757819600737536,51.17059878200769,9,17.7
44103118,11.27246442700961,51.16610720558709,9,21.8
44403106,11.697277724869732,51.05282964825962,9,21.0
41122980,7.090716947904825,49.8952605731432,6,21.6
44263288,11.553008290240136,52.69090756885157,7,9.2
40902992,6.77756423986076,49.99479390662364,6,17.3
42862834,9.525420862453965,48.61839522829571,4,28.4
43182798,9.95957663926893,48.29554071518316,4,15.0
44442852,11.67284354914168,48.76877320685732,3,43.8
44482888,11.738600227939228,49.09162771996988,3,20.8
44542962,11.845679409806277,49.755572546462616,3,10.5
44962896,12.398772130238664,49.15145551789224,3,10.3
44042998,11.15972585885261,50.0883983592289,9,40.9
44603022,11.95078229804826,50.29348373859338,9,18.1
42682952,9.26571791381501,49.67831743202834,1,15.6
43862854,10.884482055798388,48.79581249690932,3,15.9
43183122,9.957061356473394,51.209046676168,1,17.3
42483322,8.91268000715604,53.00163482562851,2,12.7
41463292,7.410247694466139,52.70896370606236,2,30.7
41983298,8.177139452518974,52.77696617307021,2,18.3
41143228,6.976630906821645,52.12317230928802,2,20.5
41543058,7.64039607025756,50.60960088707505,6,15.2
40742982,6.561160087916367,49.89840467663762,6,17.3
44083162,11.254677784384045,51.56190491977015,9,24.6
44563192,11.958238314906453,51.82196719452275,7,11.7
42983494,9.644627300656625,54.55158801684833,8,17.5
43443126,10.329413041740937,51.24453012989072,5,27.9
43503136,10.41610046665847,51.33418199524585,5,17.4
44383062,11.654697580402466,50.65784041783226,9,20.7
44623090,12.004681215095433,50.90406863720942,9,16.1
44422846,11.64382796546462,48.71523361592379,3,10.4
42602992,9.148577600765824,50.03719438803408,1,8.8
45103300,12.801397040581035,52.776067857786096,7,9.5
45123286,12.822866775871493,52.64967489731048,7,28.3
45803340,13.869134587285496,53.10628855622843,0,10.7
43483308,10.401008769885262,52.880002936158725,5,9.5
44103316,11.32402772431807,52.94531045731421,7,9.6
41383234,7.323650101077017,52.18551539000592,2,15.2
44463286,11.847925198016576,52.66871918133381,7,17.1
44763262,12.280014849678064,52.44548783323011,7,8.2
44402818,11.608614006327134,48.463795167898745,3,14.9
41883208,8.064580547418798,51.966146797623935,2,13.2
42903508,9.519581813107187,54.67699283051141,8,17.8
43042898,9.76679817929688,49.19484414611521,4,16.3
42222936,8.632675133095983,49.52856827416561,6,19.1
42862808,9.527666650664262,48.38447392831099,4,34.5
43182784,9.95966647079734,48.169507080821184,4,17.7
44422810,11.633317676640422,48.39139095599871,3,15.5
44842784,12.189823995152464,48.14776785094549,3,34.8
44762836,12.101789097308751,48.61749691301159,3,22.5
44862848,12.242195776216631,48.7227794643104,3,13.1
45202880,12.719560518197747,49.0000893925181,3,15.4
45482808,13.061908472975697,48.34315142524149,3,23.0
45482830,13.073945897782895,48.5408706192762,3,10.8
45502864,13.12002947185823,48.84566899517795,3,15.6
44782914,12.1592812754924,49.318272666153234,3,10.8
44962878,12.390956787266823,48.9895791036939,3,46.1
43322934,10.15190594159892,49.51868680604029,4,21.1
43562920,10.482036808512843,49.39184468792262,4,12.1
43862872,10.887356664707571,48.95768891110765,3,17.7
43622788,10.551296916918458,48.2041820507882,4,24.6
43622824,10.554890178054936,48.52802471071329,4,18.0
44483338,11.897691864756796,53.1353939714339,7,8.2
44763232,12.266180794302624,52.17608307952266,7,7.0
44823334,12.403443369716086,53.09038837569951,7,8.7
44843348,12.4403641278934,53.21552369477736,7,9.5
45703360,13.735465273008511,53.29035335794452,0,13.8
42543032,9.057757925541342,50.396161175568245,1,17.2
45963382,14.143839401169249,53.47504698035949,0,10.5
43383208,10.247396856300824,51.98177748356761,5,23.4
42763282,9.33515768527745,52.64518332088988,5,20.6
42403354,8.785478562924714,53.28801773820581,2,12.4
42723338,9.267694207440073,53.14806021693999,8,10.8
42863320,9.478888130736571,52.98744144413941,8,25.3
41083280,6.856166827221218,52.58769114270623,2,15.6
41583286,7.590629403517338,52.658747881680085,2,15.7
41643342,7.652343663536349,53.16342140829843,2,17.7
41703268,7.77613150968802,52.50055456014663,2,21.2
41743306,7.818082833456401,52.84290251492459,2,17.9
41783342,7.861561293207786,53.16728416402015,2,20.9
41823346,7.9195924605619075,53.20429475372587,2,26.9
41963222,8.175881811121206,52.09379739949732,2,12.6
41963248,8.166269837581128,52.3273593733684,2,10.9
41963360,8.12359986158545,53.333472491582256,2,54.7
42003238,8.228523086770611,52.23842616024056,2,13.7
42063322,8.287183074823616,52.994358471827134,2,24.5
42083332,8.313503712648318,53.08463915788115,2,33.2
40523090,6.177669293125743,50.85825455771933,6,14.6
41003224,6.774959125536813,52.08184980621853,2,16.9
41083226,6.890392639546172,52.102960215395335,2,14.5
41923186,8.131055878443643,51.76941575040176,2,11.0
41963126,8.210197454974573,51.23123506368575,1,20.3
42123178,8.423188008839311,51.70177260950756,2,22.7
40882988,6.752141917320177,49.95805281150315,6,19.3
41962892,8.287542400937264,49.12800948897672,6,9.3
42082918,8.444478081072944,49.36417657717174,6,13.3
44983158,12.549778929499157,51.50486189922856,7,10.6
44163216,11.38475383752455,52.04582736332534,7,19.7
44343140,11.622448061702574,51.35960431778644,9,20.4
44483302,11.883678146324533,52.81200046915088,7,29.5
44703212,12.1697915643166,51.998036990210174,7,9.4
44703216,12.17158819488484,52.03396960157496,7,11.3
42683482,9.18334240226125,54.4416342260721,8,18.8
42723504,9.24128373808696,54.63971274622045,8,29.7
43163458,9.923374533318912,54.22864367220736,8,6.9
43323456,10.168524774355127,54.21058753499656,8,13.3
43343458,10.199336988600429,54.228464009150535,8,11.7
42462906,8.96981285922604,49.26230762395259,4,9.1
42922818,9.607976037064548,48.474754614365,4,46.6
44663338,12.166557629293768,53.1309023950133,7,10.8
45423320,13.288643250687464,52.943603658274384,0,10.4
42323042,8.746042521951868,50.4830282635426,1,17.2
41003008,6.907640293001267,50.14229727627607,6,13.6
43263454,10.076627120789702,54.19262122931416,8,12.6
42443026,8.918339393445992,50.3409147855949,1,15.7
45002866,12.440184464836577,48.8806134597302,3,8.1
45162852,12.651468219661488,48.74972892283399,3,22.8
43343040,10.183077481957866,50.47179932249111,1,30.9
42423010,8.893635723132704,50.19682501402213,1,7.6
43363252,10.220267734720414,52.37721587163703,5,7.0
41303268,7.187465504004497,52.488067977697376,2,16.6
45282846,12.811458171763174,48.69178758700828,3,29.3
43842966,10.875049745315131,49.80318325652095,9,9.6
42483226,8.933700584804436,52.138982658288526,2,28.6
44543250,11.951770444860792,52.34343921695413,7,19.6
45003106,12.552563706879928,51.03710913078752,9,12.9
45442854,13.032892889298637,48.757993423447886,3,41.1
42182748,8.624769958595731,47.83695076264014,4,23.9
43442986,10.320699383484977,49.98599041683927,9,18.0
43942820,10.98724932430166,48.4890378273825,3,14.3
42423082,8.878364363302673,50.84406117623024,1,11.4
43383214,10.247756182414472,52.03567640061478,5,16.9
42543270,9.01257266675013,52.53513969858524,2,31.1
41783032,7.9893017266095825,50.382327120192805,6,18.0
41462950,7.577244505783958,49.6367254343736,6,21.5
44063188,11.232130070752644,51.79582621975487,9,24.5
44283232,11.564686388933689,52.18740185210257,7,19.9
44443230,11.797799205162706,52.166111779868935,7,16.3
44243098,11.466859854493071,50.98401869749606,9,18.1
44303068,11.543306485171644,50.71335630239085,9,15.3
45022834,12.45329986798472,48.59234408505625,3,15.5
42723086,9.303716650333266,50.88331755414626,1,13.3
42403260,8.80874492878341,52.44342170807664,2,21.7
44222902,11.386280973507551,49.22251225686609,3,57.3
45103308,12.805978448530045,52.84793308051565,7,12.6
40843122,6.6108369231281765,51.15963933554143,6,10.5
40783066,6.562507560842546,50.6543369882242,6,28.3
44303234,11.594510456366455,52.205008831671314,7,8.6
44363178,11.66359090171525,51.7006047996382,9,18.6
42582994,9.120370500844473,50.05498103065965,1,10.6
44203246,11.451768157719863,52.31469312786231,7,13.1
43462782,10.335791080258184,48.151001785968326,4,15.9
41962754,8.329403893177233,47.88689709243719,4,36.1
43182820,9.959396976212105,48.49343957227469,4,15.0
45202838,12.69898909819141,48.62261731013108,3,13.9
43263094,10.071147397556572,50.95733873355771,1,17.3
44763286,12.291153959201148,52.6610835014188,7,7.2
42683096,9.245415988393908,50.972879587972976,1,11.7
41643360,7.643540173751979,53.325118159439945,2,43.0
41223208,7.105000160922326,51.94647369290171,2,9.5
42723522,9.238319297649364,54.801409497361966,8,32.9
43903090,10.98123061189806,50.91727387188598,9,29.3
44203092,11.40828969796848,50.93083843267618,9,18.7
44483096,11.807860336344843,50.96120148927943,9,36.5
43723014,10.71479029862821,50.23590172888132,9,14.7
42422746,8.945558346554813,47.82257771809423,4,26.1
42643198,9.172023629681345,51.8892510093033,1,31.3
41703028,7.878539452077645,50.34441821520296,6,40.1
41742978,7.953997935943685,49.89606905689891,6,19.0
44523252,11.92320401882579,52.361944511807,7,14.2
44143298,11.3783757990073,52.7828950539454,7,212.0
43703382,10.739044811299438,53.54340877348099,8,28.1
43083338,9.805695231099255,53.150126342093465,8,21.0
44742732,12.036751070738498,47.68262019682841,3,98.3
42483262,8.925975073361007,52.462465992099965,2,18.1
41082902,7.07760154475668,49.19295768401856,6,45.4
42782830,9.417443365302798,48.58183379623205,4,55.2
42942840,9.633488191133544,48.67274330298494,4,48.2
43262834,10.06782363100533,48.61938337510824,4,16.4
42642924,9.214424111091786,49.42616033177598,4,40.6
41682724,7.966035360750887,47.61066514257043,4,41.9
41702722,7.99334414538812,47.59323782605851,4,25.5
41782772,8.082816347686425,48.04491075091381,4,66.6
41902738,8.254125072368018,47.74172934252347,4,36.9
41982722,8.365336504542014,47.59943620151894,4,58.1
42502766,9.04895443575697,48.0034984163159,4,46.1
42502820,9.039791619858953,48.489307321967736,4,35.6
42762738,9.400195711847704,47.75394643038749,4,32.3
42942810,9.635464484758606,48.40288939163544,4,43.1
42962764,9.665288552191374,47.98903554024157,4,46.8
43022764,9.74559793859166,47.98930503482681,4,25.1
43022782,9.744789454835953,48.15127128055356,4,21.2
43042730,9.7737152069846,47.6833388490557,4,32.8
43142746,9.906576037505875,47.827608283685294,4,44.2
43182730,9.960025796910989,47.68360834364094,4,33.2
43182744,9.959935965382575,47.80964197800291,4,62.1
43202746,9.986615929320926,47.827608283685294,4,38.4
43302778,10.120824232768385,48.11551833224561,4,56.4
43882738,10.893016050997524,47.75197013676243,4,51.0
44282800,11.44179685806614,48.30407471038229,3,47.2
44342838,11.53297585940427,48.64480569764883,3,36.0
44602792,11.870203417062738,48.22565178607866,3,37.5
44702744,11.987703056225572,47.7915858407921,3,68.6
44762764,12.07501930184199,47.96999125621824,3,87.3
44802780,12.134577605179114,48.11291321792166,3,33.2
44822740,12.146255703872669,47.75259895746132,3,72.6
45062784,12.485190060570964,48.14156947548507,3,43.4
45122758,12.55400101133452,47.90594137646052,3,38.4
45062870,12.523817617788104,48.91474944052674,3,60.3
45162820,12.636286691359867,48.46208836885892,3,31.6
45562852,13.194769303496974,48.735535541344895,3,23.9
45662866,13.339038738126568,48.85725726234309,3,33.6
45782870,13.504867739575031,48.88824913964522,3,52.2
45922856,13.686147763910352,48.756286624408055,3,37.6
44402962,11.651463645379636,49.75862681842862,3,43.4
44562976,11.878288254619816,49.8809773601257,9,36.5
44942974,12.405778989454795,49.853039754789584,3,50.6
45102904,12.594335367591484,49.21909865878644,3,44.1
45282904,12.84119240766753,49.213079946382834,3,81.5
43903000,10.964521947613438,50.10825112700794,9,50.5
43942996,11.019678506058376,50.07177952647269,9,57.6
44262982,11.462637772657713,49.9410746526333,9,38.3
44483006,11.777048122099544,50.15244823898662,9,36.0
43762910,10.756022970169296,49.30048602352766,3,57.2
43882878,10.915653596157336,49.011408165098,3,47.2
43162972,9.930471224063457,49.86049577164778,1,19.9
43203034,9.985897277093631,50.41799023697235,1,28.1
43022722,9.74748440068831,47.61129396326932,4,49.7
43202722,9.986705760849338,47.61165328938296,4,35.5
43222730,10.013295893259276,47.68360834364094,4,23.0
43342756,10.173824834531434,47.91743981209725,4,45.3
43382746,10.226915267822898,47.82733878910006,4,39.1
43502746,10.387084882981409,47.826889631458,4,42.1
43542748,10.440624473914932,47.84467627408357,4,50.9
43562776,10.469640057591992,48.09656387975068,4,135.2
43582726,10.492187771223392,47.646507922406805,4,44.5
43622816,10.554081694299228,48.45606965645531,4,30.0
43622838,10.556327482509529,48.65396851354684,4,40.8
43642800,10.579504016839811,48.31197988488254,4,52.5
43662756,10.601692404357562,47.915912676114246,4,69.3
43662760,10.602141561999622,47.95193511900744,4,35.6
43682776,10.630707988034624,48.09575539599498,4,56.3
43682854,10.639511477818994,48.79742946442073,4,47.5
43742782,10.711915689719028,48.149294986928496,4,57.2
43802766,10.79024878249425,48.004756057713664,4,98.0
44042800,11.118403355783112,48.3078476345756,3,60.1
44042830,11.124422068186712,48.577701545925095,3,61.4
44783296,12.325469603054511,52.750286209131865,7,17.6
45023302,12.683987232946611,52.79672910932084,7,128.5
45123304,12.833287233167278,52.811281816923575,7,241.3
42403002,8.867315085308002,50.12469029670733,1,23.4
42562962,9.097822787213072,49.766981150570935,1,13.8
42603006,9.146331812555523,50.16304835933923,1,25.7
42883028,9.53629047739181,50.36310317311265,1,88.0
42943030,9.620462619513807,50.38142880490869,1,28.4
42223056,8.601413761208624,50.60726526733633,1,24.9
42223066,8.598718815356266,50.69718662727669,1,19.9
42543054,9.053805338291216,50.59388036960295,1,33.1
42583038,9.113004315514692,50.45050925025748,1,19.5
42583062,9.108961896736156,50.666284581502985,1,37.7
42683042,9.253231331365749,50.4875198399632,1,45.9
42763062,9.363544448255626,50.66799138054281,1,39.3
42763074,9.362017312272624,50.77578921463716,1,21.8
42263098,8.647048177641896,50.98545600195065,1,35.0
42723126,9.29832675862855,51.2429131623793,1,35.4
42963078,9.645256121355509,50.8129794673997,1,41.8
43083036,9.81701400367916,50.43577687959792,1,26.1
43083126,9.813869900184743,51.244889456004366,1,51.0
43123092,9.871990899067276,50.93928259634691,1,25.8
43123128,9.871092583783156,51.26294559321517,1,12.0
44503370,11.940451672280885,53.42231587318168,7,16.8
44763430,12.361132719834057,53.954298184437256,7,370.6
44783454,12.403892527358147,54.16926503192706,7,18.8
45063428,12.816578568882656,53.92671990521479,7,115.1
43403168,10.27434631482441,51.62218187533457,5,40.5
42443310,8.855906481199685,52.89320817083528,2,33.3
42283356,8.605007022345102,53.30400775026314,2,407.9
42363374,8.720171041769225,53.46705197433083,8,29.3
42403344,8.78799384572025,53.19809637826545,2,101.3
42463356,8.87495076522302,53.30679252764391,8,38.8
42503342,8.93801249816821,53.181567377037645,8,292.1
42623368,9.112734820929456,53.416656486891725,8,31.4
43363356,10.225028805726248,53.31182309323498,8,75.7
41423338,7.325806057758903,53.12066160077434,2,30.5
41423356,7.315834758105177,53.28226852038744,2,75.2
41523334,7.477172183133043,53.08796292443239,2,510.7
41603342,7.59251586561399,53.16225359842908,2,152.3
41743302,7.81987946402464,52.8069699035598,2,62.8
41763268,7.864435902116969,52.50208169612964,2,18.7
41763334,7.8352406553830845,53.09496978364852,2,30.9
41783392,7.839013579576386,53.61644180607991,2,55.8
41823378,7.905668573658055,53.4916658131157,2,84.8
41843358,7.944385962403606,53.31263157699068,2,68.6
41903350,8.037631088895212,53.24220365871571,2,30.1
42083350,8.307215505659482,53.24633590902266,2,169.7
42143366,8.391657142366716,53.39123416435114,2,52.9
42163298,8.44384926037406,52.78073909726351,2,76.1
42183342,8.459569777846152,53.17644697991816,2,40.8
41063212,6.870000882596658,51.97647742339131,2,21.5
41383180,7.35230635864043,51.70051496810979,2,13.5
41663232,7.7338208598059905,52.17608307952266,2,26.2
41823212,7.975737165819377,52.00064210453412,2,56.6
42283198,8.649204134323783,51.88440010676906,2,27.4
41863092,8.079762075720419,50.9234722473464,6,38.2
42003148,8.259964121714795,51.42976274147617,1,45.5
42063100,8.361653411877123,50.99973921496815,1,42.2
41543076,7.632221401172073,50.77129763821656,6,26.5
41723044,7.900188850424926,50.48868764983256,6,34.0
41743032,7.9330671898237,50.381338973380274,6,24.4
41783068,7.975467671234141,50.70590028553266,6,60.4
41883064,8.118389632937557,50.67230329390659,6,84.6
40783020,6.592511291332138,50.24138145211445,6,30.5
40802992,6.638235539293822,49.9907514878451,6,29.0
40862974,6.732828138711607,49.83148018797071,6,21.1
40883024,6.730043361330837,50.28135648225777,6,52.7
40923018,6.789781327724786,50.22907453272202,6,31.0
41462942,7.580837766920435,49.56486021164404,6,34.3
41502948,7.63347904256984,49.61992693856057,6,27.6
40822936,6.700668451540128,49.48859324402229,6,83.0
40882942,6.779810028071059,49.54482778080818,6,36.7
41122926,7.119732531581885,49.410080488190246,6,23.8
44923048,12.411438375744751,50.518511717265326,9,47.9
44163274,11.401103175695525,52.566940059643066,7,52.4
44223286,11.493270323846188,52.67365991539647,7,17.1
44243278,11.520309613898185,52.60143536655326,7,74.6
44283316,11.591725678985688,52.94207652229138,7,33.7
44523310,11.94611105857084,52.88287754506791,7,38.6
44563260,11.985187773430038,52.43282158772402,7,14.2
44623270,12.077534584637524,52.52112598015297,7,88.5
44703302,12.209766594459918,52.80643091438933,7,8.0
44883184,12.418265571904058,51.74147814506564,7,15.9
45163194,12.828975319803504,51.82223668910799,7,46.3
42403530,8.7387661681505,54.86932213284141,8,23.5
42683456,9.18792381021026,54.20798242067261,8,176.3
42763462,9.309555699680043,54.26259998994708,8,29.1
42763506,9.30290816657756,54.65803837801649,8,210.5
42843466,9.43181640984871,54.299251253539154,8,30.5
42903450,9.525600525510788,54.15579030266527,8,146.0
42903482,9.522276758959546,54.44334102511193,8,99.7
42943458,9.586057144132033,54.22792501998006,8,258.4
43023484,9.707060212902933,54.4619361514932,8,39.3
43443464,10.353038733713278,54.28200360008406,8,28.8
43283052,10.098815508307457,50.57977681964228,1,61.7
43723032,10.717215749895333,50.39777814307966,9,37.8
43803090,10.83902730242194,50.91835185022692,9,53.6
44223106,11.440629048196785,51.05633307786768,9,40.2
44563084,11.91718530642219,50.85160702461684,9,25.1
44663072,12.054447881835651,50.74129390772696,9,38.6
41403376,7.274422423507267,53.46121292498405,2,42.5
42583080,9.105817793241735,50.82807116417291,1,26.3
44322920,11.528484282983673,49.38250220896778,3,32.6
45182836,12.67096166132688,48.60527982514757,3,10.5
45222866,12.739862443618849,48.87360660051407,3,17.4
44903340,12.525883742941575,53.14186184147956,7,10.7
42623080,9.16259131919809,50.82852032181497,1,15.8
42703082,9.27586887652556,50.847205279724655,1,16.5
42783106,9.386631151057498,51.06360943166905,1,16.6
42803098,9.416006060848206,50.9918340404679,1,15.5
42803112,9.414478924865204,51.11768801177305,1,14.9
43663228,10.657567615029796,52.15991340440851,5,44.2
42362802,8.854199682159857,48.32554444567275,4,31.5
44882852,12.270941865308458,48.75817308650471,3,14.0
42683078,9.248021102717855,50.81109300530305,1,9.2
42623116,9.156752269851312,51.15209348715482,1,12.7
42643126,9.183701728374896,51.24219451015201,1,12.3
42763102,9.358603714192968,51.027497157247446,1,13.2
42843100,9.47277958680456,51.010069840735525,1,21.4
43503258,10.426341260897432,52.430575799513726,5,15.7
43623216,10.597739817107437,52.05238506489941,5,36.2
43703224,10.715419119327096,52.12362146693008,5,15.8
42022908,8.364977178428367,49.27308740736202,6,9.0
43983086,11.094148843111885,50.88026328218025,9,31.6
44162978,11.322410756806654,49.90675900877993,9,38.3
45283260,13.042954020480774,52.41045353714945,0,33.2
41883154,8.085241798953547,51.48105654419939,2,31.6
45983106,13.948006669231193,50.99803241592832,0,41.4
43503106,10.413675015391346,51.06450774695317,9,118.6
44383152,11.683802995607936,51.46659366812506,9,58.0
44163400,11.438293428458072,53.69899698069049,7,12.9
43203016,9.985987108622044,50.25611382277401,1,20.1
42903252,9.544824472590946,52.37658705093814,5,13.2
41823058,8.035834458326974,50.616967072404826,6,41.2
45123226,12.78873079507495,52.110955221424,7,8.3
42723238,9.282516409628045,52.24947543823523,5,20.9
43763306,10.816569420318952,52.859970505322856,5,7.8
44023336,11.210031514763305,53.12623115553588,7,12.8
41903314,8.052273628026361,52.91881015643269,2,32.0
43883310,10.99551382491556,52.89455564376146,5,8.9
44523270,11.930300709570336,52.52364126294851,7,40.8
41682750,7.956782713324456,47.84458644255516,4,81.1
42682790,9.287097817577054,48.22125004118647,4,49.1
42982824,9.688734581106893,48.52901285752582,4,57.0
44823280,12.376853237306149,52.60547778533179,7,32.7
45063310,12.7477676181191,52.86724685912422,7,29.2
45143274,12.845414489502891,52.54124824251725,7,22.0
45283278,13.054093130003857,52.57206045676255,0,22.4
45523324,13.440099207590016,52.97531418780381,0,55.7
45723304,13.722080375275132,52.78702730425235,0,32.1
45863292,13.919619906253017,52.672761600112345,0,25.8
45923252,13.975764611510485,52.310920203669006,0,10.6
46103252,14.239330315871152,52.3018472192994,0,17.8
46283230,14.482863589395956,52.09487537783826,0,13.2
42563034,9.085515867820634,50.41430714430746,1,25.9
42083076,8.397586023241905,50.7844130413647,1,56.1
42263076,8.652797395460261,50.78773680791594,1,42.1
42603070,9.13591135525974,50.73841929881778,1,36.9
42723058,9.307489574526569,50.63169944306439,1,46.0
42743070,9.334169538464918,50.73967694021555,1,21.3
42403110,8.843689393335659,51.09540979272688,1,40.6
42483154,8.948882113106055,51.49192615913724,1,27.0
42543140,9.0379051577623,51.3668806715878,1,21.8
42963124,9.64211201786109,51.22647399267992,1,25.5
43083104,9.814588552412038,51.04708043044125,1,81.4
43163044,9.929483077250923,50.5078217653843,1,34.0
43163098,9.92876442502363,50.99327134492249,1,45.2
43223108,10.014284040071807,51.08319270486285,1,70.6
43263126,10.071596555198632,51.24497928753278,1,57.7
42863176,9.493800164452956,51.69332844583683,1,62.7
43023196,9.724128203301202,51.87388981794486,5,62.7
43083184,9.811713943502856,51.76618181537893,5,53.8
43443202,10.334353775803594,51.92760907193521,5,94.5
43483260,10.397146014163548,52.44872176825294,5,15.2
43523256,10.455536507631315,52.41251966230292,5,28.5
43663264,10.662418517564042,52.483486569748365,5,471.0
43743244,10.77695371628928,52.30301502916876,5,40.6
43803230,10.86247333133746,52.176622068693135,5,26.7
43843278,10.929936809174835,52.607454078956856,5,58.8
42383304,8.768320740998032,52.83841093850399,2,52.2
42643222,9.16807104243122,52.1049365090204,1,132.0
42683212,9.22798867188199,52.015464306722095,1,41.5
42843218,9.46038283588371,52.07071069669544,5,23.6
42863186,9.492812017640423,51.7832498057772,1,96.5
42863234,9.48796111510618,52.21462080521139,5,24.0
43223216,10.014553534657043,52.05391220088241,5,46.6
43663296,10.666730430927815,52.77103729219503,5,16.7
43663318,10.669784702893825,52.96875648622973,5,34.3
41243258,7.105089992450737,52.39617032413194,2,151.2
41643396,7.625573868069588,53.64842183019456,2,21.6
41783288,7.885276816708542,52.682283742124014,2,42.7
41823284,7.946002929915021,52.64742910910018,2,33.8
42023304,8.234272304588975,52.8317634054015,2,27.2
42103248,8.37162471153085,52.33032381380599,2,37.3
40703150,6.391198836160953,51.40496923963447,6,27.8
40963188,6.740194324041387,51.75710883100932,2,46.5
40983046,6.857154974033749,50.48284860048578,6,33.9
41123106,7.02010936657303,51.02695816807697,6,16.2
41403088,7.427944505563293,50.874873390475535,6,56.2
41303214,7.217918392136149,52.00315738732966,2,47.5
41783234,7.9082736879820015,52.19719348869948,2,26.0
42363202,8.764457985276318,51.921590359531606,2,35.3
42463162,8.918429224974403,51.56361171880997,1,59.9
41343142,7.314666948235821,51.35789751874661,6,59.0
41383140,7.373147273232003,51.3412786859904,6,46.2
41763100,7.934414662749879,50.992912018808845,6,100.8
41603078,7.716393543294072,50.790970742938775,6,40.9
45723100,13.573858353395412,50.956170923688354,0,69.8
44963130,12.50719878503189,51.253962440373975,9,65.2
44023246,11.187932958773962,52.31756773677149,5,30.3
44803176,12.298789639116162,51.67194854207479,7,45.1
45023176,12.61670341816606,51.66521117744389,7,32.3
42763476,9.307489574526569,54.38845396125223,8,31.0
44083090,11.237160636343711,50.91475858909045,9,57.3
41782754,8.088924891618436,47.88294450518706,4,120.5
41882776,8.215587346679289,48.08308915048889,4,122.5
42462780,8.992899562027912,48.128993061507394,4,38.6
42283108,8.672919657824538,51.075646856476254,1,26.7
42363108,8.78709553043613,51.07690449787402,1,55.6
42423100,8.874411776052547,51.00584775890017,1,33.7
42943146,9.611838792786262,51.42410335518621,1,259.8
43123120,9.87127224683998,51.1909905389572,1,78.5
43283124,10.100162981233634,51.22701298185039,1,35.5
43423190,10.304529708370826,51.81981123784086,5,108.1
42983224,9.664120742322018,52.12532826596991,5,68.0
43023200,9.723858708715966,51.90982242930964,5,38.1
43483300,10.400379949186378,52.80813771342916,5,35.6
41623298,7.643989331394038,52.767713525643785,2,17.6
40563068,6.2503429996110125,50.66260148883809,6,168.2
42503186,8.97116033215222,51.77983620769754,1,269.4
41603104,7.704895107657341,51.02453271680985,6,229.2
42503180,8.972417973549987,51.72584745912196,1,271.6
42183148,8.518768755069628,51.43335600261265,1,60.1
42323144,8.721069357053345,51.39975901098657,1,34.5
45923114,13.868595598115029,51.07268241603866,0,89.4
43763176,10.795369179613733,51.691711478325416,5,196.8
43943180,11.056509432707276,51.725577964536726,5,101.4
44763100,12.20796996389168,50.990306904484896,9,72.2
44383080,11.66044679822083,50.81962700050219,9,20.9
41643072,7.77568235204596,50.73814980423255,6,103.1
45743266,13.722709195974016,52.44512850711647,0,31.0
44823244,12.359605583851057,52.28208428304877,7,3.1
44763294,12.29492688339445,52.73294872414836,7,21.8
44783310,12.332206967685408,52.8760503489086,7,6.4
44883234,12.442520084575284,52.19054595559699,7,7.8
44923272,12.520314188180036,52.53055829063623,7,18.5
44923290,12.529566835606468,52.69225504177774,7,24.2
44943268,12.547712804345682,52.493996858572565,7,10.0
44963220,12.552294212294692,52.06235636455313,7,13.1
44983234,12.588675981301533,52.18740185210257,7,18.4
45163216,12.841461902252766,52.019776220085866,7,19.9
45183250,12.890240422180456,52.32430510140239,7,10.3
45243238,12.9709989662228,52.21444114215457,0,9.3
45243306,13.0123214692923,52.8249362092422,0,6.2
45263232,12.996600951820207,52.1598235728801,0,11.4
45383240,13.176892829342997,52.22710738766065,0,17.1
45443304,13.307418040125562,52.799154560587965,0,34.8
45603292,13.535679953820331,52.684709193391136,0,17.3
45803232,13.784782782106674,52.1372758592487,0,8.8
45963310,14.08230480420706,52.82924812260597,0,6.3
45983214,14.032717800523663,51.96704511290805,0,10.8
46043346,14.232233625126607,53.14806021693999,0,25.4
46303244,14.524725081635925,52.219292044688814,0,15.3
43743280,10.782702934107649,52.62649836298019,5,71.5
43783280,10.8417222482743,52.62613903686655,5,27.5
42723266,9.278473990849507,52.50109354931711,5,26.8
43223266,10.014733197713868,52.503249505998994,5,18.0
42763318,9.330216951214792,52.96875648622973,8,26.1
43303296,10.133310815217644,52.77283392276326,5,22.5
43643304,10.638164004892817,52.84308217798141,5,37.7
43723306,10.757190780038652,52.8603298314365,5,28.8
41383284,7.296341316439784,52.63449336900886,2,14.7
41303178,7.237771159915191,51.67994354810345,2,28.0
45983142,13.975764611510485,51.3210665920977,0,55.8
46103168,14.168902397596185,51.54834035897994,0,45.5
43983288,11.138884944261036,52.69557880832898,5,33.8
44043276,11.22467405389445,52.58688265895052,5,93.2
44203254,11.454193608986987,52.38655835059187,7,10.0
44223258,11.484736328647053,52.422131635843,7,8.7
44503244,11.890864668597487,52.29052844671949,7,4.8
44663198,12.105741684558875,51.87335082877439,7,21.4
44923174,12.47126617366711,51.65038897525592,7,31.9
45463200,13.267622673039067,51.86481683357525,0,28.5
41683290,7.736515805658349,52.697555101954045,2,25.9
41642752,7.902614301692048,47.861564601425016,4,51.5
42802824,9.44511147605368,48.52802471071329,4,42.4
43022740,9.746675916932602,47.77335004052448,4,33.6
45583298,13.510437294336572,52.73941659419402,0,11.8
42363076,8.794551547294322,50.78926394389895,1,56.4
42543090,9.047247636717143,50.9174535349428,1,21.3
42443112,8.900373087763601,51.11400491910816,1,68.4
42943098,9.61543205392274,50.99273235575202,1,36.2
43023106,9.728979105835448,51.06495690459523,1,42.7
43663170,10.650021766643192,51.63871087656237,5,92.4
43763252,10.807586267477758,52.37470058884149,5,21.3
42463294,8.88932380976893,52.74974721996139,2,182.0
41823112,8.015263038320636,51.10223698888619,6,80.0
42243136,8.608330788896344,51.32663614685925,1,142.9
41743072,7.917256840823197,50.7408447500849,6,60.1
43923244,11.040878746763596,52.30103873554369,5,33.6
44163086,11.3498093729723,50.8775683363279,9,33.7
45423284,13.264388738016237,52.62047965057659,0,27.1
45823278,13.849551314091691,52.54906358548909,0,40.5
45063274,12.72755552422641,52.54403301989802,7,27.5
45423302,13.276426162823435,52.78199673866128,0,43.1
45583334,13.536578269104451,53.0624507703634,0,28.0
45823296,13.86374469558078,52.71058067357378,0,9.8
45983232,14.0472705081264,52.12856220099274,0,28.4
46063266,14.192617921096938,52.42949782117278,0,15.5
46183264,14.366980917744536,52.405243308501554,0,15.0
42543086,9.04796628894444,50.88152092357802,1,88.6
42863078,9.503412137993037,50.812440478229234,1,67.0
43043086,9.758443847154568,50.88520401624291,1,20.9
43143096,9.900377662045452,50.9753050392401,1,36.4
43583284,10.546895172026272,52.66377844727116,5,51.3
43383316,10.252966411062364,52.95231731653034,5,50.5
43883278,10.9890459548699,52.6070049213148,5,33.7
44103280,11.314236087721168,52.62182712350277,7,64.2
44163288,11.405145594474062,52.6927041994198,7,27.6
44963202,12.543131396396673,51.90065961341162,7,28.2
45843316,13.909379112014053,52.88898608899992,0,20.4
45923270,13.990317319113222,52.47243729175369,0,16.8
42263094,8.648126155982839,50.94952339058587,1,48.5
42463122,8.926873388645127,51.20410594210534,1,8.9
42603100,9.13088078966867,51.00800371558205,1,24.8
42903112,9.557311055040207,51.118316832471926,1,26.2
42943084,9.616510032263683,50.86687838444687,1,24.0
43423280,10.310099263132368,52.62865431966208,5,45.9
42583182,9.087851487559345,51.74480191161688,1,114.8
42763174,9.349440898294947,51.67464348792715,1,60.7
43783136,10.81782706171672,51.33202603856396,9,31.4
43883134,10.96092868647696,51.31298175454063,9,31.3
43263184,10.07240503895434,51.76627164690734,5,290.1
42323114,8.728525373911536,51.130174594222304,1,18.0
46003300,14.133059617759814,52.73753013209737,0,7.2
43583194,10.537013703900955,51.85493536544993,5,36.1
41783356,7.85527308621895,53.29304830379688,2,530.7
41142930,7.145154854122468,49.44673175178232,6,15.6
45863256,13.891053480218014,52.349727423942966,0,23.7
42443472,8.81611111411319,54.34874842569414,8,39.3
43742902,10.727456544134297,49.22871063232652,3,18.7
41583370,7.548408585163721,53.413063225755245,2,29.2
40803010,6.626826935185504,50.15235840745821,6,24.8
45323152,13.035587835150992,51.43928488348784,0,10.5
44882950,12.312084705321132,49.63906105411231,3,50.5
42563304,9.035389874966764,52.840926221299526,2,32.1
41743198,7.865244385872677,51.87281183960391,2,94.2
45743122,13.617696139260444,51.15281213938212,0,86.6
43583108,10.528030551059762,51.0820248949935,9,31.0
45723316,13.731243191173151,52.89464547528987,0,40.2
45963320,14.090748967877785,52.91898981948951,0,13.2
42483466,8.879083015529968,54.295478329345855,8,21.6
43083392,9.803449442888956,53.63539625857483,8,20.3
44083356,11.305073271823147,53.30499589707567,7,16.0
41962952,8.26849811691393,49.66744781709049,6,16.1
