comparison,n_folds,mean_diff,ci95_lo,ci95_hi,ci_excludes_zero,perm_p,alpha,metric
AEF - Stack,10,0.152901,0.033003,0.275938,True,0.054688,0.01,R2
AEF+Stack - AEF,10,-0.019713,-0.051366,0.012225,False,0.271484,0.01,R2
AEF+Stack - Stack,10,0.133188,0.013881,0.252301,True,0.070312,0.01,R2
AEF - Stack,10,0.153045,0.035096,0.274332,True,0.054688,0.1,R2
AEF+Stack - AEF,10,-0.019649,-0.051614,0.012874,False,0.275391,0.1,R2
AEF+Stack - Stack,10,0.133396,0.018028,0.252753,True,0.070312,0.1,R2
AEF - Stack,10,0.154089,0.037176,0.276663,True,0.050781,1.0,R2
AEF+Stack - AEF,10,-0.01919,-0.05181,0.013982,False,0.300781,1.0,R2
AEF+Stack - Stack,10,0.134898,0.018913,0.255503,True,0.064453,1.0,R2
AEF - Stack,10,0.154496,0.035507,0.277346,True,0.037109,10.0,R2
AEF+Stack - AEF,10,-0.016669,-0.054397,0.019236,False,0.425781,10.0,R2
AEF+Stack - Stack,10,0.137827,0.025289,0.250868,True,0.050781,10.0,R2
AEF - Stack,10,0.154877,0.037753,0.273994,True,0.033203,100.0,R2
AEF+Stack - AEF,10,-0.008748,-0.044081,0.027063,False,0.664062,100.0,R2
AEF+Stack - Stack,10,0.146129,0.051713,0.238475,True,0.019531,100.0,R2
