alpha,rank_by_mean_R2,feature_set,mean_R2
0.01,1,AEF,0.33890304231599366
0.01,2,AEF+Stack,0.3191896124600329
0.01,3,Stack,0.18600207755811582
0.1,1,AEF,0.33914390849766207
0.1,2,AEF+Stack,0.31949525030559756
0.1,3,Stack,0.18609905127204138
1.0,1,AEF,0.3408824367112697
1.0,2,AEF+Stack,0.32169200222727906
1.0,3,Stack,0.18679367979753997
10.0,1,AEF,0.34108222820432
10.0,2,AEF+Stack,0.3244134282597132
10.0,3,Stack,0.18658632240711745
100.0,1,AEF,0.3359686452111784
100.0,2,AEF+Stack,0.327220438916881
100.0,3,Stack,0.18109182700908288
