alpha,feature_set,fold,R2,RMSE,MAE,n_test
0.01,AEF,0,0.4547716429923917,0.5225668049741627,0.4011924259910907,123
0.01,AEF,1,0.40756165520497556,0.6179894365300349,0.4244876893576132,102
0.01,AEF,2,0.3219724196161716,0.6634325783833159,0.5267035024124113,92
0.01,AEF,3,0.19993625759997458,0.5027992755792543,0.4117803993622315,88
0.01,AEF,4,0.4936498280781214,0.42802792834304704,0.3470680295519657,76
0.01,AEF,5,0.28631464726472766,0.6643242208891794,0.47116167834287687,68
0.01,AEF,6,0.6597230216490644,0.39718149635553596,0.2998156462013157,62
0.01,AEF,7,-0.10405017920145831,0.6719653680467136,0.5526387931511308,57
0.01,AEF,8,0.12592556174845104,0.4599360321581905,0.3816986174288924,55
0.01,AEF,9,0.543225568207517,0.5880786868128659,0.4562144775293481,49
0.01,Stack,0,0.3077950770603205,0.5888029033588297,0.4325662384593317,123
0.01,Stack,1,0.24691433395011453,0.6967575163700314,0.4890561495724369,102
0.01,Stack,2,0.1711798623665749,0.7335053084544679,0.5574008710121353,92
0.01,Stack,3,0.2104288328826307,0.49949136992746046,0.403533095584252,88
0.01,Stack,4,0.3155892622895107,0.4976282575529738,0.4078735429089586,76
0.01,Stack,5,0.288762414967515,0.6631840068901539,0.44923349777608396,68
0.01,Stack,6,0.49841577566038864,0.48221937765178796,0.38388170441612635,62
0.01,Stack,7,0.09318385951410668,0.6089927260151364,0.5088539927062318,57
0.01,Stack,8,-0.3652312093620984,0.5748126646894713,0.453949635555246,55
0.01,Stack,9,0.092982566252095,0.8286905078434479,0.633653691450502,49
0.01,AEF+Stack,0,0.35470330525087845,0.5685024246782215,0.44917770487462017,123
0.01,AEF+Stack,1,0.4511213585651712,0.5948365380528756,0.4225039188339279,102
0.01,AEF+Stack,2,0.3538531602738325,0.6476475489593282,0.5002076291518033,92
0.01,AEF+Stack,3,0.1230957572696254,0.5263909745466702,0.42380063411916713,88
0.01,AEF+Stack,4,0.5172458143878448,0.4179358733623852,0.33689547910310635,76
0.01,AEF+Stack,5,0.22045731139464753,0.6942991704339759,0.49584090586985224,68
0.01,AEF+Stack,6,0.62602550455124,0.41638369642679096,0.3151599699262679,62
0.01,AEF+Stack,7,-0.049854341579472106,0.6552650564871147,0.5373905303990748,57
0.01,AEF+Stack,8,0.09234080605281492,0.46868885869919796,0.38921409802510476,55
0.01,AEF+Stack,9,0.5029074484337462,0.6134839070884099,0.46065241230853,49
0.1,AEF,0,0.4555154188934367,0.522210252316806,0.4009436036627361,123
0.1,AEF,1,0.4075758578321841,0.6179820289016571,0.4245110771892994,102
0.1,AEF,2,0.3220376785876452,0.6634006505010472,0.5266872763627575,92
0.1,AEF,3,0.20037507607387406,0.5026613691468114,0.4116153737442886,88
0.1,AEF,4,0.49326155831063856,0.42819200299623944,0.3470561453307638,76
0.1,AEF,5,0.2871292732543056,0.6639449709218702,0.4709339543479739,68
0.1,AEF,6,0.659997097847438,0.39702150915353407,0.2996013324922289,62
0.1,AEF,7,-0.10437689772593184,0.6720647871210708,0.5526932653314801,57
0.1,AEF,8,0.12693134364752368,0.4596713358878848,0.3814327358687616,55
0.1,AEF,9,0.542992678255507,0.588228585925912,0.4562599252952436,49
0.1,Stack,0,0.30838469446823225,0.5885520799459789,0.43238599411868134,123
0.1,Stack,1,0.24682870900249487,0.6967971254960683,0.48894963205298175,102
0.1,Stack,2,0.17100959915979164,0.7335806460018215,0.557443933987035,92
0.1,Stack,3,0.2101759089025117,0.49957136476205044,0.40367617394865596,88
0.1,Stack,4,0.31596394000820593,0.49749202667957143,0.40785475722744297,76
0.1,Stack,5,0.2885077761296907,0.6633027135614687,0.44922775612327426,68
0.1,Stack,6,0.4991854098621572,0.4818492752999104,0.38355544642657935,62
0.1,Stack,7,0.09324860857946082,0.6089709837831868,0.5088575941702813,57
0.1,Stack,8,-0.3653634497158016,0.5748405030471567,0.45392640792582667,55
0.1,Stack,9,0.0930493163236702,0.8286600144006582,0.6336937869217955,49
0.1,AEF+Stack,0,0.3562646704753665,0.5678142315502003,0.44878242007717106,123
0.1,AEF+Stack,1,0.4513206282906913,0.5947285509087428,0.42238751125381196,102
0.1,AEF+Stack,2,0.35408445234333064,0.6475316239557837,0.5002201266263859,92
0.1,AEF+Stack,3,0.12206883587985295,0.5266991062431485,0.4240355487810783,88
0.1,AEF+Stack,4,0.5167898222319939,0.41813321033443457,0.3369579966530288,76
0.1,AEF+Stack,5,0.2216903977094894,0.6937498293622754,0.4953593591318445,68
0.1,AEF+Stack,6,0.6270497520964577,0.4158131061896139,0.3146258937039372,62
0.1,AEF+Stack,7,-0.04977127384969893,0.6552391326731037,0.5372853196854791,57
0.1,AEF+Stack,8,0.09267144345263578,0.4686034851461457,0.3890200874313578,55
0.1,AEF+Stack,9,0.5027837744258561,0.6135602181242265,0.4606753420387929,49
1.0,AEF,0,0.4618815218397898,0.5191484403742869,0.39888756505367035,123
1.0,AEF,1,0.40736198474445395,0.618093568750109,0.4250744557374518,102
1.0,AEF,2,0.32248573984571216,0.6631813955007099,0.5265118533953039,92
1.0,AEF,3,0.20328543253154763,0.5017457790499967,0.410063516446217,88
1.0,AEF,4,0.48920532597134325,0.42990233742551553,0.34690404328216057,76
1.0,AEF,5,0.2946268209216282,0.6604442540561348,0.46882823962456677,68
1.0,AEF,6,0.6621663628892934,0.3957529567528691,0.2976418954628582,62
1.0,AEF,7,-0.10741359671570772,0.6729881392192302,0.553122487569182,57
1.0,AEF,8,0.13454184913368983,0.45766348214564245,0.37910406765294136,55
1.0,AEF,9,0.5406829259509467,0.5897131901043537,0.45674523710875764,49
1.0,Stack,0,0.3130705362064078,0.5865549082183149,0.4308672485738785,123
1.0,Stack,1,0.2459451564015801,0.6972057154592304,0.48796343804109327,102
1.0,Stack,2,0.16943634505192706,0.7342764090148893,0.5578216575062563,92
1.0,Stack,3,0.2077403698557112,0.5003410228634578,0.40506907490211025,88
1.0,Stack,4,0.3186571479804372,0.4965116902633228,0.4077536144099353,76
1.0,Stack,5,0.28605528137747116,0.6644449235130087,0.44962895057276586,68
1.0,Stack,6,0.5060012097598219,0.47855919652085693,0.3804977243324893,62
1.0,Stack,7,0.09383553135305989,0.6087738642647847,0.5088651846916035,57
1.0,Stack,8,-0.3665798083016254,0.5750964995455238,0.45360882987186146,55
1.0,Stack,9,0.0937750282906088,0.8283284148733896,0.6340242958308103,49
1.0,AEF+Stack,0,0.3690764335651363,0.5621354521754717,0.44536155636455005,123
1.0,AEF+Stack,1,0.4524616587726399,0.5941098320245068,0.4213484970057095,102
1.0,AEF+Stack,2,0.3557559321170788,0.6466932503228885,0.5002937428085641,92
1.0,AEF+Stack,3,0.11236010739151436,0.5296033880067988,0.42622473459564586,88
1.0,AEF+Stack,4,0.512242761196873,0.42009594356134383,0.3372452181422664,76
1.0,AEF+Stack,5,0.23274334450302314,0.688806167716094,0.49144942802777164,68
1.0,AEF+Stack,6,0.6353317689759082,0.41117025475064756,0.30994788234115006,62
1.0,AEF+Stack,7,-0.04911008406206463,0.6550327516865866,0.5362846365143645,57
1.0,AEF+Stack,8,0.09453754351158994,0.4681213493898816,0.3882824857106173,55
1.0,AEF+Stack,9,0.5015205563010916,0.6143391234542782,0.46080810150987267,49
10.0,AEF,0,0.4868957579201064,0.5069386495746061,0.39013471075991524,123
10.0,AEF,1,0.39737181983344294,0.6232814330207717,0.4274088838842581,102
10.0,AEF,2,0.31937157951991435,0.6647037881220615,0.5251144594481516,92
10.0,AEF,3,0.20016484496123532,0.5027274426963301,0.4072238281711443,88
10.0,AEF,4,0.45193831274177954,0.44530887220520476,0.3502333861819052,76
10.0,AEF,5,0.3367731519853526,0.6404094684073048,0.45568909109322714,68
10.0,AEF,6,0.6661412370783046,0.3934178980828195,0.28752724579845745,62
10.0,AEF,7,-0.12291323484503125,0.6776814294629805,0.5531028670813203,57
10.0,AEF,8,0.1526387144982344,0.4528532963557435,0.3662756885450721,55
10.0,AEF,9,0.5224400983498612,0.6013100659103142,0.4638170727570174,49
10.0,Stack,0,0.32443888096010964,0.5816810615349173,0.4270833361899479,123
10.0,Stack,1,0.2372402041191063,0.7012185051665414,0.4831063437888404,102
10.0,Stack,2,0.15909857240890535,0.7388319348624891,0.5602255176070843,92
10.0,Stack,3,0.19165919364418083,0.5053934397278915,0.4149720478831083,88
10.0,Stack,4,0.31769351586056827,0.49686267769907483,0.4093283063679316,76
10.0,Stack,5,0.26923349163140486,0.6722270938805583,0.4535864365773829,68
10.0,Stack,6,0.5381136169334968,0.46274347467182514,0.3630698570951132,62
10.0,Stack,7,0.09891469020768828,0.6070653420840918,0.507953951187817,57
10.0,Stack,8,-0.3715224983170562,0.5761355746561071,0.44872344752910776,55
10.0,Stack,9,0.10099355662277043,0.8250227970522349,0.634903518676213,49
10.0,AEF+Stack,0,0.4182915328306559,0.5397657127526029,0.4285999439511296,123
10.0,AEF+Stack,1,0.4445016534907008,0.5984127758665794,0.4199431910835754,102
10.0,AEF+Stack,2,0.3533845275819336,0.6478823669479753,0.501690558368819,92
10.0,AEF+Stack,3,0.06939066722685638,0.5422705891098634,0.43708078514750004,88
10.0,AEF+Stack,4,0.4765938711313811,0.4351770944030875,0.3397504393710975,76
10.0,AEF+Stack,5,0.2889294887495756,0.6631061094545735,0.4705343414374433,68
10.0,AEF+Stack,6,0.6620971528335947,0.39579349250553275,0.28877972004429386,62
10.0,AEF+Stack,7,-0.04679970584351545,0.6543110888499274,0.5314231416501614,57
10.0,AEF+Stack,8,0.08876811550593378,0.46961036962865743,0.3872610060720743,55
10.0,AEF+Stack,9,0.4889769790900157,0.6220206165890284,0.4687565019813408,49
100.0,AEF,0,0.49390971793187644,0.5034618879216132,0.37492747433318446,123
100.0,AEF,1,0.3514486750438135,0.6465939655084233,0.4369895916046157,102
100.0,AEF,2,0.2804740516273756,0.6834336280865813,0.5414669019354523,92
100.0,AEF,3,0.24619055335459095,0.48804867322179635,0.3909975751212324,88
100.0,AEF,4,0.38029698204100626,0.47352011437766045,0.35650223443620666,76
100.0,AEF,5,0.4106929764625791,0.6036670948380976,0.4349939913695688,68
100.0,AEF,6,0.6456248095483498,0.4053259214299953,0.2926411196429611,62
100.0,AEF,7,-0.12202186754881672,0.6774124046761675,0.5447598171725311,57
100.0,AEF,8,0.19918390542881614,0.4402401226804234,0.32896368428872164,55
100.0,AEF,9,0.47388664822219284,0.6311378247825034,0.47180115018391994,49
100.0,Stack,0,0.31010516490724693,0.5878195795499741,0.43431632183865704,123
100.0,Stack,1,0.20563389514552532,0.7155991632514203,0.4864124756907623,102
100.0,Stack,2,0.12772974630586376,0.7524863826902245,0.5714867452700553,92
100.0,Stack,3,0.21072603326006312,0.4993973549723781,0.41731338152367103,88
100.0,Stack,4,0.28707489394300145,0.5078887355533491,0.42185509194778514,76
100.0,Stack,5,0.22966532571852494,0.6901864334929646,0.4695161507885307,68
100.0,Stack,6,0.5678639771412182,0.4475926632505507,0.3352115978437839,62
100.0,Stack,7,0.1014059564506451,0.6062255724493859,0.5069834979860338,57
100.0,Stack,8,-0.3506676957792598,0.5717385564656778,0.4303707231436025,55
100.0,Stack,9,0.12138097299799999,0.8156143325513425,0.6280970904194483,49
100.0,AEF+Stack,0,0.45929398600927407,0.5203951028543963,0.4026531149626404,123
100.0,AEF+Stack,1,0.39501934444323394,0.624496797747466,0.42815696419470917,102
100.0,AEF+Stack,2,0.302507909414218,0.6728879600628568,0.5271087085101928,92
100.0,AEF+Stack,3,0.17205052143239552,0.5114866078029356,0.41449226861607696,88
100.0,AEF+Stack,4,0.41123120655864387,0.46155027894708833,0.3473822201453773,76
100.0,AEF+Stack,5,0.372572473289015,0.6228858700847042,0.44280259109739945,68
100.0,AEF+Stack,6,0.6682293834052861,0.3921856363906748,0.2804878233741725,62
100.0,AEF+Stack,7,-0.03235877053562897,0.6497822003198062,0.52114741674937,57
100.0,AEF+Stack,8,0.0859296599592867,0.4703412108982349,0.3707707805045897,55
100.0,AEF+Stack,9,0.437728675193086,0.6524654429231652,0.5021587798759918,49