alpha,feature_set,R2_mean,R2_std,RMSE_mean,RMSE_std,MAE_mean,MAE_std
0.01,AEF,0.33890304231599366,0.22377820750595062,0.5516301828072301,0.10337697542467816,0.42727612593288755,0.07749555231119126
0.01,AEF+Stack,0.3191896124600329,0.21675644932195934,0.560343404873497,0.0995624681123094,0.4330843282611455,0.07119916004614878
0.01,Stack,0.18600207755811582,0.22741079667317576,0.6174084638753761,0.1134027163327703,0.47200024194413037,0.07748710150049062
0.1,AEF,0.33914390849766207,0.22372562874599022,0.5515377492872833,0.10339482089839133,0.42717346896255337,0.07756145797641577
0.1,AEF+Stack,0.31949525030559756,0.21689365538518435,0.5601872494487675,0.09951833669850449,0.4329349605382887,0.07122838424308574
0.1,Stack,0.18609905127204138,0.22759982146179086,0.6173616732977871,0.11347528074001448,0.47195714829025537,0.07753923466607816
1.0,AEF,0.3408824367112697,0.22339807837206227,0.5508633543378848,0.10347430260859274,0.42628833613331096,0.0781469911021177
1.0,AEF+Stack,0.32169200222727906,0.21816130215800006,0.5590107513088498,0.09907238987995984,0.43172462830205116,0.07150326503036022
1.0,Stack,0.18679367979753997,0.22920998953853441,0.6170092644536779,0.11408598794879457,0.4716100018732804,0.07798874350889166
10.0,AEF,0.34108222820432,0.22271645856941188,0.5508632343838137,0.10254184048660209,0.42265277093576153,0.08048561077343733
10.0,AEF+Stack,0.3244134282597132,0.22310126629727578,0.5568350216107828,0.09655698811921545,0.4273819629107435,0.07346258100276264
10.0,Stack,0.18658632240711745,0.2348615280034336,0.6167181901335732,0.11640857213632733,0.47029527629025464,0.0800363413585402
100.0,AEF,0.3359686452111784,0.20743062751444835,0.5552841637523261,0.10402130300249529,0.41740435400883935,0.08489287776733434
100.0,AEF+Stack,0.327220438916881,0.20326795679228107,0.5578477108031328,0.09845322804768666,0.423716066803052,0.07915757710682043
100.0,Stack,0.18109182700908288,0.2301787609185637,0.6194548774227268,0.12031102156386492,0.470156307645233,0.08369051287025882
