C,feature_set,ROC_AUC_mean,ROC_AUC_std,PR_AUC_mean,PR_AUC_std
0.01,AEF,0.7864147558352916,0.04236173058048459,0.4857134489805504,0.07338487376079442
0.01,AEF+Stack,0.7998624891089583,0.04655724081127961,0.49748384488675884,0.07786504585948419
0.01,Stack,0.7066659605487597,0.042530807313813104,0.3126396187230393,0.04254687310467516
0.1,AEF,0.7881058302495384,0.04753467525885097,0.4975838637645488,0.08177220230679134
0.1,AEF+Stack,0.7991935666826828,0.048151231387596825,0.5007758147206337,0.0783303311353693
0.1,Stack,0.7053070161835371,0.039830220414736245,0.307748611086911,0.03390118210582337
1.0,AEF,0.7874514486968123,0.04833540799095699,0.4971104985990554,0.08255609202877853
1.0,AEF+Stack,0.798078795017403,0.04842070963916431,0.49784080869106234,0.07848575112563251
1.0,Stack,0.7038758053031641,0.03926446082162382,0.30609051417781735,0.03175232813283849
10.0,AEF,0.787302069829568,0.04838779603910293,0.4969392695940772,0.08245983991454643
10.0,AEF+Stack,0.7978532364741866,0.04841438000394549,0.4974265697967738,0.07832865003895335
10.0,Stack,0.7036277031871931,0.03922842651635094,0.30595055108443603,0.031665317082514716
100.0,AEF,0.7872915357722221,0.04838296439148413,0.4969547663270105,0.08238895069186702
100.0,AEF+Stack,0.7978418678801268,0.0484097428745134,0.4974155434469293,0.07834222535605541
100.0,Stack,0.7036114199591376,0.039230448296256916,0.3059651688980258,0.031667231182067275
