C,metric,rank,feature_set,mean_score
0.01,ROC_AUC,1,AEF+Stack,0.7998624891089583
0.01,ROC_AUC,2,AEF,0.7864147558352916
0.01,ROC_AUC,3,Stack,0.7066659605487597
0.01,PR_AUC,1,AEF+Stack,0.49748384488675884
0.01,PR_AUC,2,AEF,0.4857134489805504
0.01,PR_AUC,3,Stack,0.3126396187230393
0.1,ROC_AUC,1,AEF+Stack,0.7991935666826828
0.1,ROC_AUC,2,AEF,0.7881058302495384
0.1,ROC_AUC,3,Stack,0.7053070161835371
0.1,PR_AUC,1,AEF+Stack,0.5007758147206337
0.1,PR_AUC,2,AEF,0.4975838637645488
0.1,PR_AUC,3,Stack,0.307748611086911
1.0,ROC_AUC,1,AEF+Stack,0.798078795017403
1.0,ROC_AUC,2,AEF,0.7874514486968123
1.0,ROC_AUC,3,Stack,0.7038758053031641
1.0,PR_AUC,1,AEF+Stack,0.49784080869106234
1.0,PR_AUC,2,AEF,0.4971104985990554
1.0,PR_AUC,3,Stack,0.30609051417781735
10.0,ROC_AUC,1,AEF+Stack,0.7978532364741866
10.0,ROC_AUC,2,AEF,0.787302069829568
10.0,ROC_AUC,3,Stack,0.7036277031871931
10.0,PR_AUC,1,AEF+Stack,0.4974265697967738
10.0,PR_AUC,2,AEF,0.4969392695940772
10.0,PR_AUC,3,Stack,0.30595055108443603
100.0,ROC_AUC,1,AEF+Stack,0.7978418678801268
100.0,ROC_AUC,2,AEF,0.7872915357722221
100.0,ROC_AUC,3,Stack,0.7036114199591376
100.0,PR_AUC,1,AEF+Stack,0.4974155434469293
100.0,PR_AUC,2,AEF,0.4969547663270105
100.0,PR_AUC,3,Stack,0.3059651688980258
