metric,comparison,n_folds,mean_diff,ci95_lo,ci95_hi,ci_excludes_zero,perm_p,C
ROC_AUC,AEF - Stack,10,0.079749,0.045188,0.108413,True,0.005859,0.01
ROC_AUC,AEF+Stack - AEF,10,0.013448,-0.006762,0.031164,False,0.230469,0.01
ROC_AUC,AEF+Stack - Stack,10,0.093197,0.071811,0.111531,True,0.001953,0.01
PR_AUC,AEF - Stack,10,0.173074,0.11693,0.226073,True,0.003906,0.01
PR_AUC,AEF+Stack - AEF,10,0.01177,-0.013817,0.03163,False,0.363281,0.01
PR_AUC,AEF+Stack - Stack,10,0.184844,0.132916,0.236303,True,0.001953,0.01
ROC_AUC,AEF - Stack,10,0.082799,0.049424,0.109762,True,0.005859,0.1
ROC_AUC,AEF+Stack - AEF,10,0.011088,-0.00555,0.027346,False,0.25,0.1
ROC_AUC,AEF+Stack - Stack,10,0.093887,0.073073,0.111877,True,0.001953,0.1
PR_AUC,AEF - Stack,10,0.189835,0.129077,0.246528,True,0.001953,0.1
PR_AUC,AEF+Stack - AEF,10,0.003192,-0.019269,0.023948,False,0.789062,0.1
PR_AUC,AEF+Stack - Stack,10,0.193027,0.141926,0.243388,True,0.001953,0.1
ROC_AUC,AEF - Stack,10,0.083576,0.050044,0.109486,True,0.005859,1.0
ROC_AUC,AEF+Stack - AEF,10,0.010627,-0.005124,0.026557,False,0.248047,1.0
ROC_AUC,AEF+Stack - Stack,10,0.094203,0.074565,0.111253,True,0.001953,1.0
PR_AUC,AEF - Stack,10,0.19102,0.12969,0.247406,True,0.001953,1.0
PR_AUC,AEF+Stack - AEF,10,0.00073,-0.020806,0.019939,False,0.960938,1.0
PR_AUC,AEF+Stack - Stack,10,0.19175,0.141136,0.242196,True,0.001953,1.0
ROC_AUC,AEF - Stack,10,0.083674,0.050821,0.109644,True,0.005859,10.0
ROC_AUC,AEF+Stack - AEF,10,0.010551,-0.005048,0.02607,False,0.253906,10.0
ROC_AUC,AEF+Stack - Stack,10,0.094226,0.074566,0.111023,True,0.001953,10.0
PR_AUC,AEF - Stack,10,0.190989,0.130556,0.24667,True,0.001953,10.0
PR_AUC,AEF+Stack - AEF,10,0.000487,-0.020236,0.019635,False,0.96875,10.0
PR_AUC,AEF+Stack - Stack,10,0.191476,0.142098,0.239869,True,0.001953,10.0
ROC_AUC,AEF - Stack,10,0.08368,0.05193,0.109153,True,0.005859,100.0
ROC_AUC,AEF+Stack - AEF,10,0.01055,-0.005109,0.026234,False,0.251953,100.0
ROC_AUC,AEF+Stack - Stack,10,0.09423,0.074365,0.111008,True,0.001953,100.0
PR_AUC,AEF - Stack,10,0.19099,0.130394,0.246188,True,0.001953,100.0
PR_AUC,AEF+Stack - AEF,10,0.000461,-0.020024,0.019698,False,0.970703,100.0
PR_AUC,AEF+Stack - Stack,10,0.19145,0.141592,0.241727,True,0.001953,100.0
