C,feature_set,fold,ROC_AUC,PR_AUC,n_test,prevalence_test
0.01,AEF,0,0.7984999613392099,0.523394643653337,1806,0.20431893687707642
0.01,AEF,1,0.8522965099835964,0.6304480888162253,1610,0.2062111801242236
0.01,AEF,2,0.7797150527793032,0.4903389362926239,1484,0.18194070080862534
0.01,AEF,3,0.8247499281503443,0.5156696879422044,1351,0.19393042190969653
0.01,AEF,4,0.7198064288335192,0.3810710096245349,1337,0.20269259536275244
0.01,AEF,5,0.8304067301179909,0.5392075236961181,1309,0.20626432391138275
0.01,AEF,6,0.7945842978395063,0.46274064926371306,1267,0.19179163378058406
0.01,AEF,7,0.7636124087647979,0.4819015330969706,1267,0.20047355958958168
0.01,AEF,8,0.7333034312626151,0.39211986794968723,1246,0.19662921348314608
0.01,AEF,9,0.7671728092820332,0.4402425494700893,1155,0.19567099567099566
0.01,Stack,0,0.6941705186014978,0.31988474792158117,1806,0.20431893687707642
0.01,Stack,1,0.7494378924147292,0.32718505163171274,1610,0.2062111801242236
0.01,Stack,2,0.6941103789126852,0.28217368720026537,1484,0.18194070080862534
0.01,Stack,3,0.72749703839225,0.2839865667791514,1351,0.19393042190969653
0.01,Stack,4,0.7574596899815151,0.38429961736304996,1337,0.20269259536275244
0.01,Stack,5,0.7244412362314192,0.31222357028836095,1309,0.20626432391138275
0.01,Stack,6,0.7155450263631686,0.3668954534870256,1267,0.19179163378058406
0.01,Stack,7,0.6119676489106187,0.2502540999095568,1267,0.20047355958958168
0.01,Stack,8,0.7237028277844604,0.3311748990505157,1246,0.19662921348314608
0.01,Stack,9,0.6683273478952534,0.26831849359917337,1155,0.19567099567099566
0.01,AEF+Stack,0,0.81210667360675,0.5215573087420996,1806,0.20431893687707642
0.01,AEF+Stack,1,0.8734256273921978,0.6574749785237751,1610,0.2062111801242236
0.01,AEF+Stack,2,0.7988559399597291,0.4976829794875531,1484,0.18194070080862534
0.01,AEF+Stack,3,0.8417029419805271,0.5376203845832238,1351,0.19393042190969653
0.01,AEF+Stack,4,0.7859674750593659,0.44561234397055316,1337,0.20269259536275244
0.01,AEF+Stack,5,0.8429187609168359,0.5724415624032527,1309,0.20626432391138275
0.01,AEF+Stack,6,0.7812339248971194,0.457428089273913,1267,0.19179163378058406
0.01,AEF+Stack,7,0.7063761649734553,0.4004437710468708,1267,0.20047355958958168
0.01,AEF+Stack,8,0.7706986890660361,0.4162557281969764,1246,0.19662921348314608
0.01,AEF+Stack,9,0.7853386932375663,0.4683213026393705,1155,0.19567099567099566
0.1,AEF,0,0.8058624845121102,0.541656153910307,1806,0.20431893687707642
0.1,AEF,1,0.8618205215227106,0.6498794543466917,1610,0.2062111801242236
0.1,AEF,2,0.7865641588870584,0.51307107241829,1484,0.18194070080862534
0.1,AEF,3,0.8412753489089367,0.5625886668245316,1351,0.19393042190969653
0.1,AEF,4,0.7161129303600727,0.3796519730236215,1337,0.20269259536275244
0.1,AEF,5,0.8279720528998682,0.528688703522384,1309,0.20626432391138275
0.1,AEF,6,0.7880497685185186,0.46586947172195686,1267,0.19179163378058406
0.1,AEF,7,0.7519140931667845,0.4979090723194903,1267,0.20047355958958168
0.1,AEF,8,0.7297274154417012,0.3857567239191815,1246,0.19662921348314608
0.1,AEF,9,0.7717595282776227,0.4507673456390335,1155,0.19567099567099566
0.1,Stack,0,0.6982817636109556,0.32137197977588494,1806,0.20431893687707642
0.1,Stack,1,0.7469042838018741,0.3160630525381729,1610,0.2062111801242236
0.1,Stack,2,0.6975669656476906,0.27813378631697455,1484,0.18194070080862534
0.1,Stack,3,0.7259864431967139,0.2823426126207304,1351,0.19393042190969653
0.1,Stack,4,0.7507338534923811,0.3717530809520741,1337,0.20269259536275244
0.1,Stack,5,0.7227123658788721,0.3085900766612297,1309,0.20626432391138275
0.1,Stack,6,0.7083473990483539,0.33430798915009063,1267,0.19179163378058406
0.1,Stack,7,0.6109182983420262,0.2498079451672593,1267,0.20047355958958168
0.1,Stack,8,0.7123223715060449,0.3218145157397046,1246,0.19662921348314608
0.1,Stack,9,0.6792964173104584,0.2933010719469886,1155,0.19567099567099566
0.1,AEF+Stack,0,0.8132570678525158,0.5287164835880142,1806,0.20431893687707642
0.1,AEF+Stack,1,0.8743683654807021,0.6552257447034184,1610,0.2062111801242236
0.1,AEF+Stack,2,0.8006254194886815,0.5056492006422375,1484,0.18194070080862534
0.1,AEF+Stack,3,0.8459017657490939,0.5588490695025272,1351,0.19393042190969653
0.1,AEF+Stack,4,0.7788643271048095,0.4414509888939649,1337,0.20269259536275244
0.1,AEF+Stack,5,0.84260506897658,0.5648010006829555,1309,0.20626432391138275
0.1,AEF+Stack,6,0.7793611754115226,0.4621051416939567,1267,0.19179163378058406
0.1,AEF+Stack,7,0.7061235435402757,0.4176823740615007,1267,0.20047355958958168
0.1,AEF+Stack,8,0.7621847540214889,0.3982762740712059,1246,0.19662921348314608
0.1,AEF+Stack,9,0.7886441792011584,0.4750018693665559,1155,0.19567099567099566
1.0,AEF,0,0.8075748746353155,0.5454023544536765,1806,0.20431893687707642
1.0,AEF,1,0.860314497426325,0.6465771067369109,1610,0.2062111801242236
1.0,AEF,2,0.7885014338885838,0.5161153701270351,1484,0.18194070080862534
1.0,AEF,3,0.8441072767929118,0.5701995238244851,1351,0.19393042190969653
1.0,AEF,4,0.7139875244906295,0.3793124136696787,1337,0.20269259536275244
1.0,AEF,5,0.8258760203899762,0.5211996215089091,1309,0.20626432391138275
1.0,AEF,6,0.7845453960905351,0.46771697620968067,1267,0.19179163378058406
1.0,AEF,7,0.7486883117892593,0.49188283676547295,1267,0.20047355958958168
1.0,AEF,8,0.7283165813778059,0.38049329850441727,1246,0.19662921348314608
1.0,AEF,9,0.772602570086781,0.4522054841902877,1155,0.19567099567099566
1.0,Stack,0,0.7003883052052511,0.32256077716064085,1806,0.20431893687707642
1.0,Stack,1,0.7474275034409941,0.31583690630680283,1610,0.2062111801242236
1.0,Stack,2,0.6988330587589238,0.2774713020917121,1484,0.18194070080862534
1.0,Stack,3,0.7266944251677075,0.28236573916869834,1351,0.19393042190969653
1.0,Stack,4,0.7480442112113429,0.3672398735487481,1337,0.20269259536275244
1.0,Stack,5,0.7207660499768296,0.3069502010231963,1309,0.20626432391138275
1.0,Stack,6,0.7001651716820987,0.3221913478216685,1267,0.19179163378058406
1.0,Stack,7,0.6101410016245501,0.24913723097271603,1267,0.20047355958958168
1.0,Stack,8,0.7019246060062386,0.3145112198742319,1246,0.19662921348314608
1.0,Stack,9,0.684373719957705,0.3026405438097586,1155,0.19567099567099566
1.0,AEF+Stack,0,0.8139001570948207,0.5304936449519911,1806,0.20431893687707642
1.0,AEF+Stack,1,0.8725889473386503,0.6502623682434239,1610,0.2062111801242236
1.0,AEF+Stack,2,0.8006742327170665,0.504154655290997,1484,0.18194070080862534
1.0,AEF+Stack,3,0.8461260768686167,0.5592459792295281,1351,0.19393042190969653
1.0,AEF+Stack,4,0.7758458353814306,0.4346454090907943,1337,0.20269259536275244
1.0,AEF+Stack,5,0.8410651267244144,0.5574915009806344,1309,0.20626432391138275
1.0,AEF+Stack,6,0.7777536651234569,0.45640342858200755,1267,0.19179163378058406
1.0,AEF+Stack,7,0.7059175599101445,0.4209449895447316,1267,0.20047355958958168
1.0,AEF+Stack,8,0.7572957654590308,0.390075863391363,1246,0.19662921348314608
1.0,AEF+Stack,9,0.7896205835563982,0.47469024760515294,1155,0.19567099567099566
10.0,AEF,0,0.8077351754728402,0.5460565309744498,1806,0.20431893687707642
10.0,AEF,1,0.8599161905839319,0.6455120120559704,1610,0.2062111801242236
10.0,AEF,2,0.7886143144792239,0.5159428518757498,1484,0.18194070080862534
10.0,AEF,3,0.8444016851372855,0.5711294002723024,1351,0.19393042190969653
10.0,AEF,4,0.7137555990944524,0.3794324658217116,1337,0.20269259536275244
10.0,AEF,5,0.8255837165365558,0.5206592508475762,1309,0.20626432391138275
10.0,AEF,6,0.7839707111625515,0.46719488828064143,1267,0.19179163378058406
10.0,AEF,7,0.7481519770542008,0.49030088071871736,1267,0.20047355958958168
10.0,AEF,8,0.7282554180513365,0.38031133576881,1246,0.19662921348314608
10.0,AEF,9,0.7726359107233013,0.45285307932484253,1155,0.19567099567099566
10.0,Stack,0,0.7007202222335376,0.32287313536914164,1806,0.20431893687707642
10.0,Stack,1,0.7475076361785169,0.31588696734875404,1610,0.2062111801242236
10.0,Stack,2,0.6990283116724633,0.27744630934192965,1484,0.18194070080862534
10.0,Stack,3,0.7268065807274691,0.2824866506888972,1351,0.19393042190969653
10.0,Stack,4,0.7478088242420886,0.36725920471907214,1337,0.20269259536275244
10.0,Stack,5,0.7203169001532813,0.3065754073978956,1309,0.20626432391138275
10.0,Stack,6,0.6988429944701646,0.3206176869421321,1267,0.19179163378058406
10.0,Stack,7,0.6101099097558511,0.24904862514420067,1267,0.20047355958958168
10.0,Stack,8,0.7001141715427429,0.3136229678908993,1246,0.19662921348314608
10.0,Stack,9,0.6850214808958153,0.3036885560014377,1155,0.19567099567099566
10.0,AEF+Stack,0,0.8139152442324702,0.5307075184172425,1806,0.20431893687707642
10.0,AEF+Stack,1,0.8722307068650187,0.6495378160418932,1610,0.2062111801242236
10.0,AEF+Stack,2,0.8006498261028739,0.5036220815468139,1484,0.18194070080862534
10.0,AEF+Stack,3,0.8459858824189151,0.558624379623076,1351,0.19393042190969653
10.0,AEF+Stack,4,0.7754616007698539,0.4345499861247509,1337,0.20269259536275244
10.0,AEF+Stack,5,0.8407086586104874,0.5556737690741029,1309,0.20626432391138275
10.0,AEF+Stack,6,0.7775045010288066,0.4560666929251601,1267,0.19179163378058406
10.0,AEF+Stack,7,0.7058942410086201,0.42084375776849015,1267,0.20047355958958168
10.0,AEF+Stack,8,0.7565658830964954,0.38878911319275006,1246,0.19662921348314608
10.0,AEF+Stack,9,0.7896158206083238,0.47585058325345836,1155,0.19567099567099566
100.0,AEF,0,0.8077370613650464,0.5460422031645882,1806,0.20431893687707642
100.0,AEF,1,0.8598360578464093,0.6453384530592302,1610,0.2062111801242236
100.0,AEF,2,0.7886600768808346,0.5160836030043163,1484,0.18194070080862534
100.0,AEF,3,0.8444227143047406,0.5711100973251552,1351,0.19393042190969653
100.0,AEF,4,0.7137694453867616,0.3794896983330007,1337,0.20269259536275244
100.0,AEF,5,0.8255837165365558,0.520669699324104,1309,0.20626432391138275
100.0,AEF,6,0.7839506172839507,0.46723274308737067,1267,0.19179163378058406
100.0,AEF,7,0.7480820203496281,0.4902295174324474,1267,0.20047355958958168
100.0,AEF,8,0.7282472629411404,0.38047674034705203,1246,0.19662921348314608
100.0,AEF,9,0.7726263848271527,0.4528749081928402,1155,0.19567099567099566
100.0,Stack,0,0.7007541682932488,0.3229132555225172,1806,0.20431893687707642
100.0,Stack,1,0.7475241340950658,0.3159054220205817,1610,0.2062111801242236
100.0,Stack,2,0.699016108365367,0.2774147285944518,1484,0.18194070080862534
100.0,Stack,3,0.7268276098949242,0.2824982208868177,1351,0.19393042190969653
100.0,Stack,4,0.7477949779497794,0.36724846716175163,1337,0.20269259536275244
100.0,Stack,5,0.7202848180230278,0.3065516956048443,1309,0.20626432391138275
100.0,Stack,6,0.6987746752829219,0.32052708435017463,1267,0.19179163378058406
100.0,Stack,7,0.6100943638215016,0.24904021237790475,1267,0.20047355958958168
100.0,Stack,8,0.6999266040082367,0.31373405110790253,1246,0.19662921348314608
100.0,Stack,9,0.6851167398573021,0.3038185513533115,1155,0.19567099567099566
100.0,AEF+Stack,0,0.8139322172623257,0.5307663349885621,1806,0.20431893687707642
100.0,AEF+Stack,1,0.8721906404962575,0.6495219236465066,1610,0.2062111801242236
100.0,AEF+Stack,2,0.8006376227957777,0.5036250949704884,1484,0.18194070080862534
100.0,AEF+Stack,3,0.8459999018638853,0.5587182569577972,1351,0.19393042190969653
100.0,AEF+Stack,4,0.7754408313313902,0.4344284724875128,1337,0.20269259536275244
100.0,AEF+Stack,5,0.8406765764802339,0.5554669944649928,1309,0.20626432391138275
100.0,AEF+Stack,6,0.7774964634773662,0.4560512389595871,1267,0.19179163378058406
100.0,AEF+Stack,7,0.7059136734265571,0.42098360276479424,1267,0.20047355958958168
100.0,AEF+Stack,8,0.7565006422149279,0.3885861799257181,1246,0.19662921348314608
100.0,AEF+Stack,9,0.7896301094525469,0.47600733530333345,1155,0.19567099567099566