blk,POINTID,y_true,pred_AEF,pred_Stack,pred_AEF+Stack
4,42522920,2.89591193827178,2.803520246432488,2.9718552984719446,2.823523193884392
9,44062954,2.580216829592325,2.9131712541024557,3.263212701167208,2.9332936306355593
9,43443018,2.760009940032921,2.8134909473053167,3.3140144871505486,2.817106004215419
3,44062810,2.7343675094195836,3.1288692643816787,3.2871954092605145,3.219629852128361
0,45903358,2.617395832834079,2.760994088182402,2.5265872633878543,2.738853670239029
6,42142970,2.6026896854443837,2.7050962676351755,2.913364385145173,2.6944447991333105
1,42303034,2.975529566236472,3.175091748282138,2.806731005394297,3.093993636154569
1,42783118,2.617395832834079,2.8178548400545536,2.9484425980933064,2.8741594605134817
0,46043364,2.6878474937846906,2.6336639197562657,2.6202281468968223,2.6609258987963877
5,43663254,2.3702437414678603,2.7738246955899415,2.893706337419201,2.7569302301795027
5,43303228,2.6946271807700692,2.7617502424112477,2.7356353741522725,2.7523066197189134
2,41783204,2.4423470353692043,2.823890219759784,2.7462568121396242,2.8119262115786516
2,42583236,2.624668592163159,2.854974408211889,2.6393419243343303,2.7630193599228843
1,42643158,2.8213788864092133,2.9807005521793317,3.4064506967910346,3.061708656627131
6,41323026,2.2192034840549946,2.8081858732280933,3.1743473630854138,2.7908880395929025
6,41902954,3.0819099697950434,2.953764759018202,2.7195453666179983,2.9986242000430225
9,44143154,2.8678989020441064,2.7800603185266963,3.5343435349015038,2.7806332263732427
9,44483176,3.0007198150650303,2.7685362513101497,2.834056958707837,2.7218149233272895
4,42362906,2.9496883350525844,2.8765484790013494,2.983113647153866,2.8330147701623263
3,44342874,2.70805020110221,2.9453788618448598,3.0939930937408584,2.9487228304904365
3,44502938,3.0726933146901194,2.7974717090448946,3.599932239230741,2.955342261584363
3,44842892,3.1354942159291497,3.118520419501182,2.9815211672156803,3.130224359393557
4,43822800,3.4210000089583352,3.0831627128370935,3.311629962588331,3.0828171838209135
3,43882828,4.019980146933238,2.9238064844114127,3.4865384038688747,2.9961403299371354
7,44843230,1.840549633397487,2.7013059230295884,3.051124255715596,2.7437680331260474
1,42343028,2.884800712846709,3.0704432698306805,2.9644644009257064,3.0183746498926123
0,45383374,1.9459101490553132,2.652935622897144,2.7124710667876943,2.7091999610381947
8,42503366,2.9391619220655967,3.3832105968621113,3.361660783655796,3.3143062953239384
9,44123180,2.772588722239781,2.7910513739508906,2.7586068459279467,2.702086911350418
7,44523360,2.928523523860541,2.7947941016140168,2.743961236418375,2.761353445248811
8,42863378,3.1484533605716547,2.6487496316250305,3.004305974125766,2.7330205691590206
7,44643268,2.4069451083182885,2.7870631247532804,2.9301854632476045,2.8820206449048995
3,45002758,3.1654750481410856,3.3102962194806933,3.3204679839073648,3.3295116012926487
2,42003184,2.72785282839839,2.857274849292437,2.9301530942082934,2.882571777263387
4,42762760,2.7343675094195836,3.2236731654252053,3.0770274280325154,3.1908304288695626
4,42962776,2.6878474937846906,3.1371126661389916,3.2147040636134876,3.1890553425089117
4,43002766,2.653241964607215,3.1513103979576766,3.0784804885516808,3.096655148199259
4,43222748,2.9856819377004897,3.418885892534062,3.578850988745992,3.4816838566892283
3,45222812,2.8903717578961645,2.9012782877596224,3.1025406396958752,2.9563622881149074
3,45422842,2.72785282839839,2.854559647066802,3.1960376831720394,2.9169070020220316
3,44442892,2.9496883350525844,2.847957966234377,3.1793759382269915,2.8946019053003114
3,44962918,2.6390573296152584,2.7693050868657743,3.34187908622052,2.8326435556674765
3,45022946,2.8735646395797834,3.3626995576523266,4.026674380944157,3.497570427357401
3,43802888,3.261935314328648,3.3515195879233755,3.485805274119974,3.3220835767069388
4,43362802,2.6461747973841225,3.2524837382391554,3.283896936578818,3.2274033504950865
4,43622798,2.4932054526026954,3.1485888822001535,3.6491059759341207,3.165307935734488
7,44603314,2.0014800002101243,2.589562984310524,2.7003542559404936,2.580213932391409
7,44643358,2.6461747973841225,2.5710737340001364,2.7106006603359902,2.567388221777158
7,45023284,3.0492730404820207,2.720082534903203,2.8964401100097588,2.8590486822086274
0,45923158,3.5380565643793527,3.256592977246376,2.8652116629869573,3.118205818771001
1,42322970,3.109060958860994,2.9871292687038036,3.0056578198061805,2.9395174767548737
7,44883396,2.533696813957432,2.715455174860462,2.9318912635477994,2.779230846596764
2,42283288,2.6461747973841225,2.846011285313788,2.7665818224814527,2.8244384631682053
2,42603298,2.341805806147327,3.0508141604680046,2.9645133924364444,2.9841211101227163
2,41403316,2.5649493574615367,2.823703229072701,3.430819126459199,3.291239807608667
2,41603320,3.091042453358316,2.9294785991315604,3.7572754346614716,3.26540276997463
2,41843340,3.6609942506244004,2.964577969356107,2.894158820449821,3.0005594259048944
2,41083172,2.9069010598473755,2.8731462189581762,2.805609668963633,2.8615396669048594
2,41363184,2.580216829592325,2.8501188467542815,2.62996185050041,2.771169089497343
2,41703214,2.580216829592325,2.812224643404043,2.6539227450467435,2.756811780274042
6,41782888,2.7212954278522306,3.0833943194585482,2.6714264906896243,2.991169562192185
6,41802956,2.772588722239781,3.0279650751696003,2.716534694509636,2.8853248588118396
9,44063148,3.186352633162641,3.141986708225265,2.8333313307237553,2.9791526710992122
5,44063202,3.095577608523707,2.8384463246663616,2.851651868671731,2.7649941951113224
7,44163248,2.4932054526026954,3.144492624813765,3.40534530828322,3.0501999039722048
0,45203194,2.312535423847214,2.807624760182934,2.9030219059521962,2.868275222949399
8,42603492,3.122364924487357,3.2751484369126675,3.688294822987282,3.447486857174478
8,42763458,2.517696472610991,2.875154127472792,3.2944890830779046,3.016282446278212
8,42863486,3.3945083935113587,3.1593002729415423,3.6806198069463942,3.289300527987231
8,42923502,2.9338568698359038,2.8389029318233585,3.356085603359238,3.0401661666851267
8,42983458,3.246490991901174,2.977696571445185,3.8299510112765605,3.217907608644348
8,43003518,2.9391619220655967,3.1118329011918493,3.7761044905969214,3.3076929380779982
8,43043486,2.388762789235098,3.721436647813075,3.5475313610499293,3.6008518840561208
4,42722806,2.9806186357439426,3.158198574753469,3.3455239866890234,3.1770503638065737
1,42683204,2.8094026953624973,3.131159003677261,3.450958501042457,3.193131625467569
0,45283408,2.388762789235098,2.646503546542193,3.048729459320225,2.6499876115512615
1,43323106,3.005682604407159,3.009719966962237,3.0202154564159436,2.9754893638803996
7,44803324,2.186051276738094,2.7916013277966365,2.85674772074391,2.7989904525028106
2,42143270,3.703768066607687,2.907247515516953,2.7301908775632593,2.9002796453469717
7,44203300,2.302585092994046,2.7411315959080174,2.7701051943253545,2.754157387067311
3,45262854,2.388762789235098,2.960136879432608,3.1123671690909696,3.0029335672472217
1,42323068,2.827313621929028,2.938378605442581,2.927684663883711,3.001562594438622
1,42463090,2.424802725718295,3.029698567586794,2.9690331186338472,3.0618867869635293
7,44963472,2.797281334830153,2.7099398078252297,2.780877715057343,2.8070959345444138
5,43803270,2.8449093838194073,2.792965720652747,2.726156205967995,2.7760705249308115
2,41323278,3.139832617527748,2.6706260029046747,2.6425755138986986,2.7029663309456256
2,41903260,3.258096538021482,3.0401902507468397,2.8485622692027386,2.9734648574077456
1,42523208,2.4336133554004498,2.8433751787146972,2.9728738989883503,2.9411314244578133
2,41763142,3.0633909220278057,2.9321084791292176,3.316709938332108,2.996358912335338
8,43723446,3.0492730404820207,2.904853017357377,3.2595993345522616,2.9757524483080466
9,44343058,3.427514689979529,2.923178655201509,2.9079658617555775,2.884441925975482
7,45043316,2.7536607123542622,3.342611207951063,3.807417941296885,3.4860042950817025
0,45843352,2.9444389791664403,3.275849852707505,2.6217714079268983,3.1121470135659846
3,44482834,3.054001181677967,3.29607354949561,3.6804841004256357,3.3146538365830724
0,45963328,2.580216829592325,3.2032163217963947,2.9828978625769644,3.1052026938513846
5,43583302,3.4307561839036995,3.163370847569976,3.01295888756057,3.027616522478504
8,42823374,5.534179690270021,4.028369286249878,3.7728197135726993,3.9378625814896613
5,43843308,2.4069451083182885,2.63972940649265,2.6709176112947635,2.585858720726425
2,41263244,3.054001181677967,4.106137769555259,2.8716356025333387,3.6811877663532186
2,41043190,2.990719731730447,3.6558750716840467,3.2557189051953475,3.4970451743035937
2,41483196,2.766319109226186,3.051050653866882,2.8979641907467575,3.0293686641660003
2,41823184,3.6913763343125234,2.942160160022531,2.7763869169761626,2.951792895161479
4,42482812,3.929862923556477,3.3458706430911946,3.276691977623046,3.285940467467134
6,41642978,2.631888840136646,2.812331621647927,3.1308484096582623,2.7899402013521315
3,43982888,3.4995332823830174,3.615591389541563,3.863721693253737,3.6495908782527704
4,43362748,3.7727609380946383,3.893297355135209,3.7362093059219874,3.891386428224591
4,43502764,3.927896354584436,3.991349247266832,3.955280519570303,4.017364910971143
6,41763118,3.8044377947482086,3.5109348476413653,3.784120515133569,3.592275408798474
8,43843470,3.5667118201397288,4.44532068689287,3.249465938544224,4.065518323929878
1,42763084,3.109060958860994,3.650423356158178,3.951553109578384,3.755812495354657
5,42663262,3.919991175077323,3.466155851991989,4.0686204041665155,3.7467634470023463
5,43103214,3.885679030088544,3.8485397416965927,3.840075030809027,3.8728222217665293
2,42083224,4.428433007488037,2.7615037991711913,3.348718295349171,2.8591887881259197
9,44883126,3.535145354171894,3.3987385164866852,3.249938583415563,3.3152599255728736
1,42503014,3.2268439945173775,3.2328821266684598,3.420241279033712,3.251117468706911
1,42362968,2.766319109226186,3.0810131486275893,3.0976258736082434,3.0715628282926226
0,45703230,2.2925347571405443,2.751341484155673,3.1161404577148035,2.840024582906845
4,42622896,2.7212954278522306,2.8877191932801756,2.8011594508946254,2.794528205161712
4,42822906,3.054001181677967,2.973715140070974,2.9679787031133653,2.958764475746179
1,42822960,2.827313621929028,2.894194916270701,3.208108262080724,2.9488826944385447
4,43022872,2.6461747973841225,3.141811176253848,3.2946356791596996,3.237247337478636
4,43162914,3.40452517175483,2.916084211687039,3.2362894697759232,2.972372320638268
4,42522758,3.2846635654062037,2.940521502792005,3.0657068161599854,2.9406784823154077
4,42602746,4.110873864173311,3.292227136884117,3.3053753662592213,3.355788196104786
4,42602758,3.0587070727153796,3.075842469310557,3.147908328241464,3.1235447586084137
3,44202858,2.6390573296152584,2.8011563067194056,3.278056632616119,2.8038378015931404
3,44482856,3.9721769282478934,2.8843371020048014,3.210155164192543,2.8661509402691587
3,45502846,3.427514689979529,3.063353833109112,2.9687119312236714,3.07185901216481
3,45202898,2.7343675094195836,3.097700208695934,3.3858135019010915,3.1420268326925793
9,44042974,3.0587070727153796,2.915475704426161,3.4594352806973476,2.9752274445537
3,44042890,2.8507065015037334,2.8058945161854765,3.330339796846904,2.8925718307083
4,43382794,2.6100697927420065,3.4793615643180464,3.8335130957552392,3.5871486378256683
7,44923314,2.3513752571634776,2.823196960832729,2.714057585408709,2.7660060045135357
7,45103272,2.341805806147327,2.8116239966606242,2.8773035980611734,2.9019091151241385
0,45883320,2.5416019934645457,3.000620631767632,2.598570302566434,2.84439377093285
1,42263008,3.2386784521643803,2.9233456776275375,2.699903953171396,2.9288872762221927
1,42363036,2.8735646395797834,3.042207827473746,2.7770528818074385,2.975267136095258
1,42403026,2.7212954278522306,3.0338462402976756,2.9091382053571806,2.939905148103392
6,41823036,3.1354942159291497,2.816961321312586,2.8312888309633824,2.83697286328127
1,42323086,2.2512917986064953,2.7773981615111203,2.9769069793494793,2.8999069350430755
1,42323104,2.8213788864092133,2.831247410560345,3.03898375011539,2.985431926155319
1,43023088,2.509599262378372,2.8786466811518006,3.0111582632918297,2.922476309258619
1,43043060,2.6390573296152584,3.06763589841968,3.0391999120611644,3.0608118803609003
7,44603404,2.714694743820879,2.829863595938962,3.007672675721791,2.8419991256116766
7,45163414,2.7343675094195836,2.8802156069799962,2.7251241707169247,2.7978422492054307
5,43263238,2.990719731730447,2.7214784714346054,2.7369353270619037,2.6895554757756077
2,42543248,2.995732273553991,2.6885385103537685,3.011604535690691,2.729318275753143
5,43043230,2.5726122302071057,2.802718344921801,2.7007771368114883,2.7873259224234253
5,43083270,2.827313621929028,2.978109056627146,2.8038129651144224,2.8775607717656713
8,43023370,2.624668592163159,2.7943877333385556,3.0109088048776766,2.8468019324455653
5,43483278,2.8213788864092133,2.691292895476662,2.784882406317584,2.7213353707509382
6,40903100,2.8094026953624973,2.9468975497973915,3.1680388449756656,2.9291070352899675
2,41523186,2.747270914255491,2.825670775148245,2.691112301730113,2.797226578841729
2,41603222,3.0349529867072724,2.9638659756089707,2.694276016713192,2.8993612255840984
2,42343226,2.5952547069568657,2.674183352499433,3.4232821981215262,2.7833818448866796
2,42503248,2.5649493574615367,2.8509675493378737,2.7296494237869124,2.790036685241594
1,42543212,2.827313621929028,2.7500818444125983,2.9903741517030187,2.8214637908246356
1,42603190,2.509599262378372,2.862589817728815,2.974137116885633,2.920732879852299
6,41602942,2.827313621929028,2.994665567179146,3.290005858998047,2.9971747029621247
6,41782970,3.0204248861443626,2.973248879733939,2.710424343746877,2.920792217710546
5,43943284,2.6100697927420065,2.6334252636464326,2.5436259026752293,2.612689947870277
9,44263126,2.833213344056216,2.8403578545241084,2.5034884695885626,2.8467020895345274
7,44383218,3.044522437723423,2.8253216264182495,2.798885581167185,2.854226977925044
7,44603256,2.91235066461494,2.773893151222624,2.859978029469639,2.8246328162434513
8,43463466,2.7343675094195836,2.8378032318207214,3.5544721692470276,3.0758807155728753
8,43503456,2.7013612129514133,3.0358376870586636,3.62737607682519,3.274651901503811
8,43743460,2.5494451709255714,3.2885593177337604,3.3803975048468713,3.4329937813971605
9,43543126,2.8903717578961645,2.9802053072840513,2.5301020789573427,2.817804907581378
9,43583104,3.1945831322991562,2.893064825480312,3.0052017818632555,2.8561208241256253
9,43743118,2.928523523860541,2.58009973467457,2.610520210937884,2.579008338244087
9,44103118,3.126760535960395,2.5802282597468658,2.3714192043900315,2.537589576065711
9,44403106,3.091042453358316,2.787684818346252,2.397516984266638,2.681482830135027
6,41122980,3.1179499062782403,2.836502422687042,3.03514718375901,2.868025110937512
7,44263288,2.322387720290225,2.637049226922907,2.8406656899768263,2.688493359949948
6,40902992,2.9069010598473755,2.7149007882908114,3.0602490687884027,2.770038964039684
4,42862834,3.380994674344636,3.1544415836387762,3.5335478330190577,3.167630658958807
4,43182798,2.772588722239781,2.790193530459788,3.5370581232284013,2.9432199197285076
3,44442852,3.8022081394209395,3.011784883643325,3.2144975371458218,2.9818288267285697
3,44482888,3.0819099697950434,3.040276902864586,3.237185578393459,3.050277784004699
3,44542962,2.4423470353692043,2.8987650494782455,3.2528513101839915,2.968459820935038
3,44962896,2.424802725718295,3.0758020949376093,3.3537341596856036,3.146485780036007
9,44042998,3.735285826928092,2.931534945674079,2.9222673638319776,2.841988428648211
9,44603022,2.9496883350525844,3.310055883304046,3.687390290592351,3.3256616882379393
1,42682952,2.8094026953624973,2.815689458361934,3.240874862446074,2.8785200050477773
3,43862854,2.827313621929028,3.1338684860770445,3.2684901379861113,3.0795489313808497
1,43183122,2.9069010598473755,2.8186049845429793,3.1190523170242312,2.9603057573980878
2,42483322,2.617395832834079,2.749396355626041,2.762267490849325,2.74163658132521
2,41463292,3.456316680883235,2.839992841863469,3.4870203389279415,3.0401286228350957
2,41983298,2.9601050959108397,2.7430714031964754,2.5769849297490954,2.6972722503877957
2,41143228,3.068052935133617,2.82580353604365,3.3974218566929686,2.963921409814452
6,41543058,2.785011242238338,3.507037211562871,3.226010279897949,3.423925068113396
6,40742982,2.9069010598473755,2.973275841464558,3.1507427109000448,2.9972317158414845
9,44083162,3.242592351485517,2.6143961181047786,2.8447492414915634,2.654188867648325
7,44563192,2.5416019934645457,2.8997071866483894,2.8852422408694327,2.9382517067637015
8,42983494,2.917770732084279,3.0505711233476824,3.723806366660559,3.3295767880561864
5,43443126,3.3638415951183864,2.8746538793147396,3.0192248467298866,2.894860613612969
5,43503136,2.91235066461494,2.6157367035261903,3.0319780843931454,2.724533931814666
9,44383062,3.077312260546414,2.8759825375079027,2.9345757596583484,2.859165313039827
9,44623090,2.8390784635086144,3.056548175801997,3.3071332875298123,3.0668408927169586
3,44422846,2.4336133554004498,2.7729089522993515,3.0291321849865196,2.7666960368655484
1,42602992,2.2823823856765264,2.81624659893629,3.216667808208637,2.848542543479615
7,45103300,2.3513752571634776,2.9076712492246206,3.299804290701693,3.1695668951240537
7,45123286,3.3775875160230218,3.1144414646313963,3.7435467001552647,3.3176854058803387
0,45803340,2.4595888418037104,2.6312378861209513,2.716644902766601,2.687232359461969
5,43483308,2.3513752571634776,2.7329499117127845,2.877833388983715,2.6879528363406293
7,44103316,2.3608540011180215,2.8552792999016074,2.9711450791099896,2.9036299090670314
2,41383234,2.785011242238338,2.7782376901066907,3.153063667933482,2.7509340878209643
7,44463286,2.89591193827178,3.0165440429560624,2.8759774246759817,2.9747571743626184
7,44763262,2.2192034840549946,2.8384351976410325,2.7131802138397196,2.8224777385393987
3,44402818,2.766319109226186,3.066096124541944,3.0734264038433987,3.0075917972478625
2,41883208,2.653241964607215,2.614751516230677,2.8030368580033165,2.667031104625475
8,42903508,2.9338568698359038,2.9041587375220197,3.967112139507817,3.18803988951867
4,43042898,2.8507065015037334,2.8290586313621593,3.221530901163449,2.921051084486261
6,42222936,3.0007198150650303,3.06469474110149,2.939711972902987,3.060587887231761
4,42862808,3.56953269648137,3.2830672223825577,3.474962043055113,3.278067967485589
4,43182784,2.928523523860541,2.923072865653249,3.175086786552469,2.946957500830178
3,44422810,2.803360380906535,2.8649622926642984,3.368936511985412,2.89029099309577
3,44842784,3.5779478934066544,3.0393267318495205,3.75015163768444,3.1861743751402782
3,44762836,3.1570004211501135,2.946488339963057,3.043495448729721,2.957000200700064
3,44862848,2.6461747973841225,2.9055689501092967,3.2681512813601046,2.955899562707855
3,45202880,2.797281334830153,3.246024621306774,3.5523119370789846,3.2684231883861137
3,45482808,3.1780538303479458,3.0395643325233297,3.402517028383279,3.057701477466576
3,45482830,2.468099531471619,2.9213164023942815,3.736778671167585,3.059232006058648
3,45502864,2.8094026953624973,3.0036903164909963,3.714689050491161,3.1345567504248844
3,44782914,2.468099531471619,2.8535048902465676,3.3574025612285476,2.856879098779384
3,44962878,3.8522730010223722,3.020104209135093,3.1445419723650705,3.015082975167479
4,43322934,3.095577608523707,3.143285739032126,2.9722978435027647,3.059933323088522
4,43562920,2.5726122302071057,3.0490588277190382,3.2921433553145154,3.10666496843705
3,43862872,2.928523523860541,3.5886822927954563,3.290018657911927,3.3793310373722356
4,43622788,3.242592351485517,3.367110251220619,3.308431392863436,3.3309387048003085
4,43622824,2.9444389791664403,3.260015542598482,3.466836994343142,3.2030539293308204
7,44483338,2.2192034840549946,3.136994711594756,3.0347312819561694,3.025268567301291
7,44763232,2.0794415416798357,2.691339986146895,2.8339423765610166,2.68141452382424
7,44823334,2.272125885509337,2.6821148939840005,2.639581819264464,2.6450404273644996
7,44843348,2.3513752571634776,2.9084154878164012,3.2384477519806896,2.8914736454993255
0,45703360,2.6946271807700692,2.6470628737382853,2.573612848248208,2.5888060615742887
1,42543032,2.9014215940827497,2.860338593627348,2.997166693203362,2.860160321557419
0,45963382,2.4423470353692043,2.4428077422444296,2.7100407840366008,2.480984889235172
5,43383208,3.1945831322991562,2.9794552235084346,3.129378554919272,2.9944370803268985
5,42763282,3.0726933146901194,2.7307493359109043,2.917180362543407,2.7621344935580763
2,42403354,2.5952547069568657,2.932180560976623,2.703739366313932,2.914738301984642
8,42723338,2.468099531471619,3.1661004617056405,2.830215869165762,3.1265426832844234
8,42863320,3.269568939183719,3.3028784354740144,2.960481464954842,3.197357672744758
2,41083280,2.8094026953624973,3.2432153534910237,3.265409148035176,3.2255267078545122
2,41583286,2.8154087194227095,2.8897453001225455,3.0272401245728253,2.8545623889071834
2,41643342,2.928523523860541,2.973344920272782,2.8025787484044415,2.997761149754081
2,41703268,3.100092288878234,2.715190183349729,2.684191802167011,2.725901483088446
2,41743306,2.9391619220655967,3.2548112980962296,2.71681801005234,3.158461464990802
2,41783342,3.086486636822455,3.2001607968505468,3.4984552472596633,3.1736754994739274
2,41823346,3.32862668882732,3.021937921943523,3.3509777888333634,3.0456145108082207
2,41963222,2.6100697927420065,2.7000019892116396,2.8361922481958706,2.740955736416702
2,41963248,2.4765384001174837,2.7436204698031883,2.8144992309653256,2.782299759060866
2,41963360,4.019980146933238,3.6279147607902686,3.5611589671961914,3.6325078741252326
2,42003238,2.6878474937846906,2.8766077723627292,3.155920072206913,2.9021536750865025
2,42063322,3.2386784521643803,3.067857867550036,3.6574075133146744,3.109883570102971
2,42083332,3.5322256440685598,3.2913951111017057,3.142404031796119,3.2925044895321753
6,40523090,2.747270914255491,2.984081618624438,2.900180369339339,2.926240036297412
2,41003224,2.884800712846709,2.849858387906947,2.9263718284925884,2.844487430260924
2,41083226,2.740840023925201,2.8234465886828404,3.0890965604875196,2.82433555090209
2,41923186,2.4849066497880004,2.9400931227607563,2.8566397508487253,3.011092672349246
1,41963126,3.0587070727153796,3.2037545027268393,3.645560794761266,3.248823627170413
2,42123178,3.1654750481410856,2.8177698762035788,2.909857992462161,2.805114899304643
6,40882988,3.0106208860477417,2.9845008721645665,2.876730257881727,2.9460342416984906
6,41962892,2.33214389523559,2.9195158506229366,2.9398249059435426,2.9828683517702124
6,42082918,2.6602595372658615,3.2517059773263655,3.0122787117331953,3.135665824403284
7,44983158,2.451005098112319,2.679168574629335,2.7002020661969492,2.691605995589538
7,44163216,3.0301337002713233,2.9254601228239934,2.656344132061567,2.840905149974145
9,44343140,3.0633909220278057,2.72042655926353,2.7186187894614515,2.8070730481369237
7,44483302,3.417726683613366,2.898554133239241,3.0891529481352182,3.0012654653793533
7,44703212,2.341805806147327,3.0532308598350837,2.7946176227710886,3.005068885335678
7,44703216,2.509599262378372,2.6252442567507392,2.8319575539777877,2.6281269552781454
8,42683482,2.9856819377004897,2.9632810106705305,3.4663058516069003,3.0991596311295257
8,42723504,3.4242626545931514,3.135047292796563,3.779530369977023,3.396504754142304
8,43163458,2.066862759472976,2.9411542593175337,3.469239190756846,3.096768138705077
8,43323456,2.6602595372658615,2.5664011580958044,3.2030468576767803,2.856172275254047
8,43343458,2.5416019934645457,2.7958205312052837,3.3462166734233163,2.956828961712583
4,42462906,2.312535423847214,2.7083947743047583,2.789390450257296,2.7702356168594995
4,42922818,3.8628327612373745,3.2780653837535234,3.3101950857711455,3.2380139225196194
7,44663338,2.468099531471619,2.8096505919398513,2.9716494889789016,2.8433256143996175
0,45423320,2.4336133554004498,2.7112483214362024,2.550612853024148,2.6776704745135826
1,42323042,2.9014215940827497,3.0997772139697504,3.3546935033671024,3.064339800860098
6,41003008,2.681021528714291,2.912860054330572,3.051962982443746,2.9295165579626103
8,43263454,2.6100697927420065,2.989331282810243,3.6249447700775828,3.2015752816511975
1,42443026,2.8154087194227095,2.8914094366380967,2.9599978274748673,2.915886322136588
3,45002866,2.2082744135228043,2.7845110820238608,3.1482436661398587,2.7757276757563893
3,45162852,3.169685580677429,3.050676831984293,3.3059992563870835,3.123572480111696
1,43343040,3.462606009790799,3.1602594534592705,3.23701437257091,3.187860529306505
1,42423010,2.151762203259462,3.030278719509554,2.79893342488854,2.9359934292295673
5,43363252,2.0794415416798357,2.752806544405578,2.7405151270293775,2.7241752075473524
2,41303268,2.8678989020441064,2.9500777972678196,2.9996697486043447,3.015999098832005
3,45282846,3.4111477125153233,2.7917537448999643,3.1071786802108954,2.9008588429648112
9,43842966,2.3608540011180215,2.8476603749873997,2.965262690014016,2.7242203481336165
2,42483226,3.3877743613300146,2.854946378206711,2.990316261405923,2.869212708848683
7,44543250,3.0252910757955354,3.1493408452323024,2.917622738049737,3.05423328252596
9,45003106,2.631888840136646,2.6420756324183357,2.7561022012024465,2.6180382569473135
3,45442854,3.7400477406883357,2.9780425761811964,2.995197474087848,2.9313894681171466
4,42182748,3.214867803470662,3.3658838225182395,3.3176352929744533,3.309209649314075
9,43442986,2.9444389791664403,2.7377555944744003,2.7744655505169606,2.763615866957654
3,43942820,2.72785282839839,3.0463576449501244,3.1925604521051683,2.983877487803034
1,42423082,2.517696472610991,3.0298925410498723,2.8919021722037828,3.0373635477210312
5,43383214,2.884800712846709,2.8027594301552883,2.924183523430834,2.7842936033164136
2,42543270,3.4688560301359703,2.6628318727722977,2.691341717517574,2.6889038809611177
6,41783032,2.9444389791664403,2.9748811378626465,2.7465998208875004,2.9090987854568993
6,41462950,3.1135153092103742,3.0200490575340666,2.774682476988529,2.9697454368267118
9,44063188,3.2386784521643803,2.807170549680973,2.6344850146155876,2.6628156420557136
7,44283232,3.039749158970765,2.9818867540485714,2.7833367664949984,3.033422347693864
7,44443230,2.8507065015037334,3.028914645331566,2.7965515066776394,2.9877898725047247
9,44243098,2.9496883350525844,2.754105751838449,2.411911680348289,2.634343775182327
9,44303068,2.791165107812717,3.0439464350224172,2.9049068843924295,2.958156421410612
3,45022834,2.803360380906535,3.0242543087605083,3.176590869408588,3.0616485887632128
1,42723086,2.6602595372658615,3.0589123885471317,3.053093797026488,3.0921302872235183
2,42403260,3.122364924487357,2.7001909982758785,2.8712065172713035,2.7648403338923986
3,44222902,4.065602093356446,2.943077423721298,3.4318060967490993,2.9754219126882537
7,45103308,2.6100697927420065,2.6994149306056854,3.412754929089392,3.0393993888792883
6,40843122,2.4423470353692043,2.717475516049872,2.6785569209978775,2.68890081722193
6,40783066,3.3775875160230218,2.814022134580439,2.842715311259544,2.793906572233589
7,44303234,2.2617630984737906,2.6379985113030764,2.8224547792157426,2.6936731366379725
9,44363178,2.975529566236472,2.774250023695393,2.4143945057465963,2.5352563601660036
1,42582994,2.451005098112319,3.087283327828594,3.59792012798232,3.1518270580611274
7,44203246,2.6461747973841225,2.817827700338388,2.783990383442989,2.860858334568063
4,43462782,2.827313621929028,3.7476300973544583,3.500539612882277,3.807652118336511
4,41962754,3.6136169696133895,3.9265307693306877,3.3357965142596173,3.8417236945429734
4,43182820,2.772588722239781,3.8797218304106385,3.1454320422796065,3.707134604702074
3,45202838,2.7013612129514133,2.8497330420571054,3.3579702878143647,2.948343645648717
1,43263094,2.9069010598473755,2.76284296320106,3.0503575789330353,2.8602538983482257
7,44763286,2.1041341542702074,2.964405908521166,3.1413812303324447,3.2387884141924146
1,42683096,2.5416019934645457,2.9742567319330346,3.460784790777801,2.9911467923298907
2,41643360,3.784189633918261,3.9531351709025,2.9319403348913857,3.631049225972735
2,41223208,2.3513752571634776,2.9571437760750428,2.9576715191732155,3.000227428914127
8,42723522,3.5234150143864045,4.239029470939648,3.526499084904418,4.0840103627291
9,43903090,3.4111477125153233,3.3935788391629655,3.381437557559447,3.354323010449645
9,44203092,2.9806186357439426,3.3251367727137318,2.577564184441719,3.1038376340516565
9,44483096,3.624340932976365,3.4635177587289454,2.989965179992221,3.389446470468903
9,43723014,2.7536607123542622,3.1302303611655784,2.8757602889226104,3.149116348156621
4,42422746,3.299533727885655,3.5933111330929575,3.397844300336292,3.505109253358986
1,42643198,3.475067230228611,3.127009379999606,3.161245951873297,3.161310090747962
6,41703028,3.716008121502189,3.652538237900691,3.4430767432781604,3.6412504440493443
6,41742978,2.995732273553991,3.054770819069563,2.74401885826443,2.998610362513696
7,44523252,2.7212954278522306,2.8945048869162195,2.7793483980909746,2.888113974192854
7,44143298,5.3612921657094255,3.648498346582857,3.34146342467299,3.6208749340409896
8,43703382,3.370738174177447,3.3366333803332386,3.0697469602996703,3.269735833926819
8,43083338,3.091042453358316,3.3639882606415177,3.6671373898011885,3.421902895708411
3,44742732,4.598145571051127,3.8520629446276438,3.7272973654318395,3.924021939078929
2,42483262,2.9496883350525844,3.520820316477933,3.2899407459652354,3.602794116725982
6,41082902,3.8372994592322094,3.699518677480794,3.334917710058512,3.5835016560131914
4,42782830,4.028916756899646,3.7393559182117655,3.7796700505219345,3.759691863588378
4,42942840,3.8958936234982624,3.5336522950024323,2.990184502096236,3.3397405634618953
4,43262834,2.856470206220483,3.6146049451896163,3.666304544246478,3.6236383719681378
4,42642924,3.728100167267218,3.434356525889081,3.5791891287522004,3.4586764985989413
4,41682724,3.758871825933971,3.740586661547439,3.432765667936985,3.68094555128783
4,41702722,3.2771447329921766,3.8947243384127734,3.5114168482297963,3.7741924903879247
4,41782772,4.213607983048918,3.9655190559328064,3.8425266713098494,4.017920206587482
4,41902738,3.634951112088381,3.808728005542558,3.645735937491444,3.7715740293374322
4,41982722,4.079230924412053,3.7032565510203486,3.4441604983350627,3.660606001605275
4,42502766,3.8522730010223722,3.1857791523532195,3.203022012643111,3.144450404063987
4,42502820,3.6000482404073204,3.446723401577064,3.3153515664536224,3.381533090863579
4,42762738,3.505557396986398,3.630077112482562,3.6941629329353023,3.634617100395538
4,42942810,3.7864597824528,3.8347360203468845,3.8749831254779123,3.8524189346520643
4,42962764,3.86702563949741,3.757198377142619,3.9595170887445676,3.824824902844175
4,43022764,3.261935314328648,3.670257901522585,3.876313530038173,3.727881415865542
4,43022782,3.100092288878234,3.2177319980731003,3.5262939157961104,3.29740323024833
4,43042730,3.520460802488973,3.9175493205008554,3.936261474319346,4.007043156526968
4,43142746,3.8110970868381857,4.076745695306165,4.056976561825907,4.086197153256999
4,43182730,3.5322256440685598,3.9863416601318136,4.030866371229069,4.040680649611073
4,43182744,4.144720769547168,3.815826736288046,3.990250579535883,3.8803304530713776
4,43202746,3.673765816303888,4.014982625842238,4.0284176466772,4.070246652478479
4,43302778,4.050044303325521,3.7832424102460838,3.6360083616729626,3.803763878450396
4,43882738,3.9512437185814275,4.117035158071138,4.142830006780082,4.1934792533919225
3,44282800,3.8753590210565547,3.2066553915935097,3.501321322291774,3.249493323829669
3,44342838,3.6109179126442243,3.6380307149967863,3.359818762891268,3.556112576601826
3,44602792,3.6506582412937387,2.8217029712059785,3.5142940579740167,2.984941850384654
3,44702744,4.242764567340374,3.574354223876205,3.6974396523983963,3.591308809781084
3,44762764,4.480740107609915,3.814241024064939,3.7468927918341306,3.863503210536399
3,44802780,3.5322256440685598,3.600672156452151,3.4610842124660812,3.62496302238014
3,44822740,4.298645025734831,3.96502312270724,3.9706087060088096,3.973072512505978
3,45062784,3.7932394694381792,3.1860529987731265,3.6553254922906686,3.317709312204799
3,45122758,3.673765816303888,3.767948199384042,3.908540262658561,3.8417426832034405
3,45062870,4.115779842942166,3.8394127096682222,3.63950802894784,3.775618994730646
3,45162820,3.484312288372662,3.5901275784244255,3.4145094946783443,3.6128926176085376
3,45562852,3.214867803470662,3.691572612683856,3.5058878072446276,3.673620827925813
3,45662866,3.543853682063679,3.8848577599659304,4.013593713169312,3.962197029553638
3,45782870,3.9740583963475986,4.188342548333471,3.9789267492319556,4.187153364063429
3,45922856,3.653252276470785,3.7283909338611703,3.7336615900056374,3.777269625745423
3,44402962,3.7932394694381792,3.6843314780589065,3.570181334005487,3.608340654646703
9,44562976,3.624340932976365,3.7127177860429423,3.4887581729491566,3.58769838151706
3,44942974,3.9435216724875173,3.5551901435713686,3.5637260385774696,3.5476037490689314
3,45102904,3.8088822465086327,3.586664273307944,3.484378915875528,3.594889318706672
3,45282904,4.412798293340635,3.961406945847215,3.688388373264182,3.93765380326208
9,43903000,3.9415818076696905,3.4221662059429034,3.4707436343347453,3.430794134898837
9,43942996,4.070734696582967,3.4885080274712292,3.3415620710348044,3.5048515667457636
9,44262982,3.6712245188752153,3.7028930553767387,3.536820376264653,3.640348443943059
9,44483006,3.6109179126442243,3.616222022756436,3.8013621183782544,3.6524473974887344
3,43762910,4.063885354737392,3.614442477907462,3.41777874412075,3.600247330262806
3,43882878,3.8753590210565547,3.794121398873308,3.576588147948327,3.737810002283524
1,43162972,3.039749158970765,3.1273537859069327,3.1624078345338043,3.136582880024135
1,43203034,3.370738174177447,3.705629310147205,3.594301631517452,3.6849920887794503
4,43022722,3.9259259105971376,3.6247541009166215,3.761410927329479,3.772547048224141
4,43202722,3.597312260588446,3.992531647884981,4.055447475126929,4.105057720466861
4,43222730,3.1780538303479458,4.024683632251841,4.268937252141116,4.0816941414148795
4,43342756,3.835141961092188,3.8091397266035036,4.1175543040357505,3.8076085693969497
4,43382746,3.6913763343125234,4.058011952000858,3.9757887574652706,4.100431776544757
4,43502746,3.763522997109702,3.764294589362615,3.5183331446397004,3.805940400721423
4,43542748,3.949318790171843,3.9988361550888234,4.071957559720361,4.011838187342626
4,43562776,4.9141243937154115,3.949615961677615,3.890650546068859,4.0013937877208585
4,43582726,3.817712325956905,3.9738494319910016,4.073311527505955,3.976969186166279
4,43622816,3.4339872044851463,3.656578288691529,3.7888891903322692,3.67045264532201
4,43622838,3.7328963395307104,3.4776584970225146,3.019796984031577,3.421948080180328
4,43642800,3.979681653901961,3.938706396590002,3.765945039563324,3.8989841790263373
4,43662756,4.252771798816619,4.003907706682068,4.082153938666268,4.084553522474569
4,43662760,3.6000482404073204,3.7606899836499617,4.123788465011914,3.8265944808568366
4,43682776,4.048300623720694,3.857729435874365,3.785452212255954,3.882800020979614
4,43682854,3.8815637979434374,3.6562961030740415,3.2575208180001605,3.6234124938782504
4,43742782,4.063885354737392,4.0724117632821555,3.9039942214525185,4.067264079913701
4,43802766,4.59511985013459,4.100637772024204,3.968404924257571,4.122740459211513
3,44042800,4.11251186617755,3.7161660350930705,3.671901233818624,3.74856792751376
3,44042830,4.133565275375382,3.8341712110274915,3.938070703635539,3.86321920537
7,44783296,2.9231615807191558,3.4740679812035995,2.819209833435891,3.313959323210049
7,45023302,4.863680881139593,4.530483207264891,3.7796351270596436,4.25396772598049
7,45123304,5.49017662782248,3.7964057893790875,3.75620919608378,3.936450683879817
1,42403002,3.1945831322991562,3.109569886324355,2.781806253973975,3.043188945462972
1,42562962,2.6946271807700692,3.462267525280124,3.1837830216594236,3.4730529300481856
1,42603006,3.2846635654062037,3.5470584245971644,2.9457458409592308,3.4884240021391055
1,42883028,4.48863636973214,3.731544746401844,3.521423262125403,3.652598135254443
1,42943030,3.380994674344636,3.6115395615717536,3.892831767537077,3.6810108703793913
1,42223056,3.254242968705492,3.390741230132059,3.0694295660174236,3.359134417770447
1,42223066,3.039749158970765,3.399347857105259,3.5795493424691336,3.602302318179204
1,42543054,3.529297384289471,3.6313026428796125,3.5344319720256907,3.6467894491881476
1,42583038,3.0204248861443626,3.5517402149832455,3.5245841111628153,3.5070519346073836
1,42583062,3.655839600035736,3.691804756194249,3.4894882753829326,3.6873831884957546
1,42683042,3.8480176754522337,3.846973167639106,3.895201354562843,3.8355064176465294
1,42763062,3.696351468952637,3.3651030180153185,3.460208716664681,3.4058712184604265
1,42763074,3.126760535960395,3.580700796485555,3.732360906405983,3.5638472429202928
1,42263098,3.58351893845611,3.060501128749545,3.6131275211939964,3.2036011364800783
1,42723126,3.594568774642695,3.4158761574804437,3.194833530935074,3.373473020574919
1,42963078,3.756538102587751,3.6674955663482494,3.4844259706097698,3.6680125945574424
1,43083036,3.299533727885655,3.7576260560957015,3.36823469386691,3.7490527944776213
1,43083126,3.9512437185814275,3.694533727750977,3.4981300525918924,3.6636923954165894
1,43123092,3.288401887516811,3.8487321624942963,3.7288848834395982,3.956687331355
1,43123128,2.5649493574615367,3.682021095598211,3.526578879135211,3.7510559187530537
7,44503370,2.8791984572980396,3.874336669392473,3.283660275015767,3.6819681978298338
7,44763430,5.917818006939683,4.799150580281995,3.7817380125523443,4.601149635718152
7,44783454,2.9856819377004897,3.7655444103686833,3.1937957987115277,3.7040913264805937
7,45063428,4.754451888703846,3.9176456066113716,3.7054187564661256,4.031513526638017
5,43403168,3.7256934272366524,3.3555786876647247,3.4575548934780582,3.445594310412949
2,42443310,3.535145354171894,3.3643465075842154,3.69384176709199,3.4247748832798774
2,42283356,6.013470627370596,4.629024274830446,4.223454148812574,4.721869933345728
8,42363374,3.4111477125153233,3.657877744139354,3.8710818314793882,3.696070144385968
2,42403344,4.627909672957581,4.814382210888904,4.33237473485456,4.728681501760472
8,42463356,3.6838669122903918,3.708054397688036,3.8209907030633325,3.8288729389656284
8,42503342,5.680513847716846,3.7738910108013943,3.681679449492429,3.906990268475119
8,42623368,3.4781584227982836,3.5528549608403317,4.002843463107149,3.7688430236847377
8,43363356,4.33990170837321,4.199180233760421,3.8671458768255333,4.098753902056028
2,41423338,3.449987545831587,4.689775777457864,4.8385866329609515,4.851867756463715
2,41423356,4.333361462692601,4.4167705205875984,4.168647634464838,4.430640095434009
2,41523334,6.237738515811046,3.589404239970183,2.9716389568998895,3.5453526834809046
2,41603342,5.0323967858777685,4.263149748972354,4.547459402795436,4.356256982040206
2,41743302,4.155753190350744,4.55166268979812,3.545754809736327,4.33898818064912
2,41763268,2.9806186357439426,3.75155412764379,3.9633684390346815,3.8230490969187825
2,41763334,3.462606009790799,4.438276494176339,4.517223137474738,4.580778942969141
2,41783392,4.039536325727106,3.956185281671695,3.804422799720079,4.009875784390145
2,41823378,4.4520190064939165,4.095254486864801,4.283262067584232,4.102163892862196
2,41843358,4.242764567340374,3.782899238537172,3.9922325568174375,4.060059116899472
2,41903350,3.4372078191851885,4.725873807556192,3.668772180084379,4.571565652079703
2,42083350,5.139907629800395,4.600191771631169,3.877361064642469,4.590168797944227
2,42143366,3.9871304779149512,4.575170050028786,4.3221367314415176,4.683636081001638
2,42163298,4.345103280569283,3.570671233982636,3.8669574195143603,3.7039892706269044
2,42183342,3.7328963395307104,4.41375934047891,4.566137370724078,4.493933284706529
2,41063212,3.1135153092103742,3.891448703412866,2.9821145538468703,3.7698279763798723
2,41383180,2.6741486494265287,2.79713507019335,2.792774016234954,2.782810317860351
2,41663232,3.3032169733019514,3.6578504123694535,3.6093237818202937,3.732682393188198
2,41823212,4.053522567701846,3.1492079415859404,3.127589899569223,3.130128398701726
2,42283198,3.3463891451671604,3.2083543180922387,3.363031784137311,3.359754981564182
6,41863092,3.6686767467964168,3.7023377295047326,3.7536293446476106,3.6830674375635626
1,42003148,3.8394523125933104,3.86263405769383,3.9729270874468146,3.9951459811339216
1,42063100,3.765840495250065,3.216158158119805,3.8449269088616402,3.354787970848875
6,41543076,3.3141860046725258,3.562492952116172,3.486739782087881,3.531717311310686
6,41723044,3.5553480614894135,3.721748664563163,3.515483638878909,3.762942383932206
6,41743032,3.2347491740244907,3.02386432959127,3.23642489488681,3.0528904887313772
6,41783068,4.117409835153096,3.8434127626310617,3.7148336667876176,3.800040170212331
6,41883064,4.449685283147696,3.835950231708573,3.7148200040745882,3.828732086263066
6,40783020,3.449987545831587,3.6804063857846123,3.536281973898709,3.6820037568626005
6,40802992,3.4011973816621555,3.387732311452232,3.5144908020420873,3.4275329143971462
6,40862974,3.095577608523707,3.7711630949880024,2.980088984692849,3.4927862381360106
6,40883024,3.983413001514819,3.9030455591128015,3.483884515591904,3.780448616187091
6,40923018,3.4657359027997265,3.478179767942767,3.3744043094603633,3.4708707375653156
6,41462942,3.563882963939251,3.579992200478571,3.467070371774018,3.6509581529162287
6,41502948,3.353406717825807,3.4232572046320024,3.207476332133772,3.429662283781887
6,40822936,4.430816798843313,3.7880895856040357,3.4375429644714095,3.742855161974542
6,40882942,3.629660094453965,3.6840753127033037,3.2112717522926846,3.679600512581351
6,41122926,3.2108436531709366,3.7960142187621826,3.694924591485799,3.731530240748853
9,44923048,3.8897773964808264,3.5636314657998005,4.0433281573803495,3.700021236609766
7,44163274,3.977810745966149,3.1208790245821514,2.893686050259413,3.0126304989042794
7,44223286,2.89591193827178,4.131939196575835,3.391928797791636,3.88494939674792
7,44243278,4.3254562831854875,4.456151850386622,3.0692278672054694,3.9901461254891237
7,44283316,3.5467396869528134,3.961064469933837,3.4639866408871716,3.806981461353392
7,44523310,3.6788291182604347,3.5671817631586458,2.8131089458442915,3.4060536381839728
7,44563260,2.7212954278522306,3.539364420197015,2.793579923363272,3.4088898143254736
7,44623270,4.4942386252808095,3.5944956277907045,3.4416228182423296,3.6656145713679513
7,44703302,2.1972245773362196,3.397533343207463,2.8388734648093004,3.225906232296389
7,44883184,2.827313621929028,3.3130487039844922,3.3700289721425856,3.40181076494317
7,45163194,3.856510295497887,3.796975540732589,3.295664323094087,3.7593153981369394
8,42403530,3.1986731175506815,3.772483423915463,4.066373800503286,3.7223849833235505
8,42683456,5.177843213080163,4.405844605261535,4.187291775653883,4.33364118745945
8,42763462,3.40452517175483,3.9113018868168865,4.023377367528992,4.006690212259964
8,42763506,5.354224998486333,4.2470709804227225,4.2635564200001985,4.243842264703028
8,42843466,3.449987545831587,4.18122916374378,4.019658866836048,4.124628127349765
8,42903450,4.990432586778736,4.331291060208201,4.030342958395664,4.340511518319813
8,42903482,4.612145799724517,4.354961166010992,4.021333255433916,4.24880642233492
8,42943458,5.5583712718823435,4.458520690011896,4.126771770408509,4.343545146627072
8,43023484,3.696351468952637,3.914965886149493,4.01585919689933,3.962642585539413
8,43443464,3.3945083935113587,3.288181101185125,4.016862567072635,3.5815316438497242
1,43283052,4.138361447638875,3.813583719382156,3.6278729475887386,3.7824752540238515
9,43723032,3.6584202466292277,3.2192639869066704,3.069872762365467,3.191520344912827
9,43803090,4.000033882750859,3.3822683454209836,3.3616969479406023,3.360912693069721
9,44223106,3.7184382563554808,2.9891005393870853,2.8631136441675022,2.9186224437002695
9,44563084,3.261935314328648,3.592181426945487,3.3770256582546505,3.526051213583067
9,44663072,3.6788291182604347,3.5883939372177407,3.3868206231397586,3.5490674123950923
2,41403376,3.7727609380946383,4.831199575244704,4.425088754037968,4.800722973303307
1,42583080,3.3068867021909143,3.5187776038281995,3.526017687105031,3.489160253825074
3,44322920,3.5145260669691587,3.514137708490548,3.733552572702741,3.5247375627084443
3,45182836,2.4423470353692043,2.7378261049865666,3.3932629705075983,2.825114412976393
3,45222866,2.91235066461494,2.9311334229640345,3.0504007779189646,2.8948580561359827
7,44903340,2.4595888418037104,3.1575052758912423,2.779961521727028,3.04719131521869
1,42623080,2.8213788864092133,2.7989313706540204,2.9950254523810886,2.8677845197384046
1,42703082,2.8622008809294686,3.203401706617345,3.1554147380543416,3.155057860593431
1,42783106,2.8678989020441064,2.7967744740916025,2.9180571667826896,2.882323955888835
1,42803098,2.803360380906535,2.7805687741141716,3.0232966533252004,2.8673634369824237
1,42803112,2.766319109226186,3.1558381117776326,2.8747740638229904,3.034791771661558
5,43663228,3.8110970868381857,2.9631860002086965,3.2286254160925187,3.0075695810400136
4,42362802,3.481240089335692,3.657815477528421,3.500752361409309,3.7080907031999852
3,44882852,2.70805020110221,2.9853754300682653,3.1232904619505226,2.9905822923788308
1,42683078,2.322387720290225,2.830641499076907,3.450828975341206,2.9376972933463117
1,42623116,2.617395832834079,2.883481816830443,3.0023329895249913,2.94978968883951
1,42643126,2.5877640352277083,2.9773564853085053,3.058512264548037,3.0063051442422384
1,42763102,2.653241964607215,2.9933753660867097,3.0296169769017522,3.0056075963404156
1,42843100,3.109060958860994,3.1801774046308076,3.0561930717967303,3.12257947550531
5,43503258,2.8154087194227095,3.0008465833728466,3.0315813751899197,2.9880288415954808
5,43623216,3.616308761279101,2.6091916800643276,2.9101399867238404,2.628006825537882
5,43703224,2.8213788864092133,2.74291256559751,2.815546433785995,2.7232553962192982
6,42022908,2.302585092994046,2.7263304477872197,2.823655721276628,2.714759340417282
9,43983086,3.484312288372662,2.972878456298339,2.924142089272617,2.7936324042211544
9,44162978,3.6712245188752153,3.845633642802019,3.4632966480014686,3.78373107678335
0,45283260,3.5322256440685598,3.526362021418943,3.5651542451631157,3.5809688011432765
2,41883154,3.484312288372662,3.603752704051983,4.009688657142203,3.6832110708617485
0,45983106,3.7471483622379123,3.3307028708632433,3.5797120391997685,3.326255815869895
9,43503106,4.784152841516532,3.6278870926700937,3.5762266793748427,3.6310057475953568
9,44383152,4.07753744390572,3.3428752981045218,2.6675957992212718,3.176301254768699
7,44163400,2.631888840136646,3.371612976249579,3.0534222396026642,3.400898748460972
1,43203016,3.0492730404820207,3.1054856962009767,3.190292283971741,3.120817180441246
5,42903252,2.653241964607215,2.724134822181838,2.6248223931013253,2.709992898367707
6,41823058,3.742420221041966,3.880908319900456,3.708036965835003,3.769161843522458
7,45123226,2.2300144001592104,2.9759039806173084,2.734892991939529,2.9029783085770524
5,42723238,3.086486636822455,2.9999083870636825,2.8163984994963003,3.06042117580527
5,43763306,2.174751721484161,3.1079768591143346,2.951268584516923,2.9616992650710072
7,44023336,2.624668592163159,2.838892592964494,3.388572484516485,2.897628286484613
2,41903314,3.4965075614664802,3.104246895385839,3.223919481341058,3.116762549413297
5,43883310,2.2925347571405443,2.6720188232784605,2.7568369565445323,2.6009060792734884
7,44523270,3.7328963395307104,3.114375943473837,3.3095439118523395,3.136982427431091
4,41682750,4.407938016458383,4.0796931418762945,3.873847829163412,4.130537954626572
4,42682790,3.914021008090819,3.7624920696928577,3.624557893672643,3.7986400760619903
4,42982824,4.060443010546419,3.909921787138684,3.7399949831291397,3.8765046089907105
7,44823280,3.517497837358316,3.1756375442355087,3.1112904521721787,3.171021205450635
7,45063310,3.407841924380824,3.4328990400429773,3.3979742862595907,3.503271170998274
7,45143274,3.1354942159291497,3.143721547881166,3.0088319427996315,3.184630364981358
0,45283278,3.152736022363656,3.6968853973532987,3.519819281802492,3.631924509653419
0,45523324,4.037774210733707,3.8552904256067215,3.9025800797219774,3.877339358607215
0,45723304,3.4995332823830174,3.5646102331061646,3.4477119386978914,3.568608872511505
0,45863292,3.288401887516811,3.5316988780253995,3.5092480467448257,3.5115112961099095
0,45923252,2.451005098112319,3.5901352864795815,3.6774224470499735,3.5175132158187035
0,46103252,2.9338568698359038,3.574131211905555,3.470095380404122,3.499800207675082
0,46283230,2.653241964607215,3.6621771083568038,3.3680717994713625,3.515875178296157
1,42563034,3.292126286607793,3.7429967054935016,3.556966728309451,3.770351943587164
1,42083076,4.044804116661965,3.6651440496270364,4.002239541525267,3.6850159048255593
1,42263076,3.763522997109702,3.717723978937464,3.66198445531096,3.850265113119913
1,42603070,3.634951112088381,3.745962506591752,3.6522822802566353,3.8725638459978042
1,42723058,3.8501476017100584,3.8278213295729984,3.8063549022091054,3.8779616405140866
1,42743070,3.104586678466073,3.471178575749019,4.09778309396815,3.731363658337428
1,42403110,3.728100167267218,3.6414608387148375,4.00718872820682,3.6747671849957273
1,42483154,3.332204510175204,3.9017112920318064,3.891576501990943,3.928633293560453
1,42543140,3.126760535960395,3.688186663233677,4.344151162171456,3.8365240253115713
1,42963124,3.2771447329921766,3.9653755945242892,3.9391620378942442,4.032755825919054
1,43083104,4.411585436915426,3.9239796954613384,3.8675577494354774,4.009632805462224
1,43163044,3.5553480614894135,3.6749765827227754,3.8569284494725986,3.7410456556944034
1,43163098,3.832979798087693,3.681592593567626,3.8116488589506488,3.727219576551484
1,43223108,4.2710950739666,3.512079360833499,4.068713775658259,3.6900618268626295
1,43263126,4.072439726834051,3.516917133398374,3.8147014313792207,3.484317836142511
1,42863176,4.154184562578117,3.6003455626041174,3.8066641263422296,3.6362635630596962
5,43023196,4.154184562578117,3.7584417734798574,3.879940813560836,3.817791566229969
5,43083184,4.00369019395397,3.628734230354099,3.729630328048235,3.669938348362746
5,43443202,4.5591262474866845,3.7407116297828913,3.8755303499317377,3.715371339217965
5,43483260,2.785011242238338,3.2428993862934297,3.641989737281994,3.4261136388844733
5,43523256,3.3843902633457743,3.348121998802253,3.750139696033305,3.6762066199740837
5,43663264,6.156978985585555,3.60554376829019,3.372018378158771,3.4044487347576533
5,43743244,3.728100167267218,3.6807992974292576,3.5979520714664104,3.7198601575385153
5,43803230,3.3214324131932926,3.6630691909948276,3.5526909529386628,3.6488263571458455
5,43843278,4.091005660956586,3.734610156869528,3.6723105291706286,3.7444587348449065
2,42383304,3.9740583963475986,3.7397463264260136,3.897316166766727,4.067219110227386
1,42643222,4.890349128221754,3.6071197377378517,3.7461782816977403,3.6798710527068677
1,42683212,3.7495040759303713,3.7286308382309046,3.790392641413097,3.882228360889724
5,42843218,3.202746442938317,3.4026500632807974,3.816674882873879,3.4035198623769864
1,42863186,4.579852378003801,3.6192814425488056,3.9794208493710124,3.7255785800879373
5,42863234,3.2188758248682006,3.667363369673082,3.6467532716771256,3.621128432056252
5,43223216,3.8628327612373745,3.728882131129977,3.6173012460813267,3.8295223951697084
5,43663296,2.8735646395797834,3.5344264415109903,3.695341933142642,3.6491890109638607
5,43663318,3.563882963939251,3.5273350297004025,3.8483428525538983,3.684955608760134
2,41243258,5.025195445427586,3.371575294720781,3.632496532591276,3.6019008776360004
2,41643396,3.1179499062782403,3.525291646285187,3.8752018860622655,3.5941964796433195
2,41783288,3.7773481021015445,3.373307684621035,3.4629553609712107,3.4179423190368463
2,41823284,3.5496173867804286,3.344759018518544,3.6618605840555962,3.412733043066991
2,42023304,3.339321977944068,3.261035513725803,3.875391472818004,3.346330723796556
2,42103248,3.6454498961866,3.3685303041682535,3.656158809509386,3.457401700347965
6,40703150,3.3603753871419,3.717970753846411,3.663392891246063,3.795670970792084
2,40963188,3.8607297110405954,3.317396049414829,3.607886643260344,3.359395441047177
6,40983046,3.5524868292083815,3.5625766868377777,3.755842112942238,3.602914005485664
6,41123106,2.8449093838194073,3.6064303216749907,3.5489119408746874,3.6588223491837537
6,41403088,4.046553898385752,3.812335102458226,3.7615196443737604,3.8334423420115216
2,41303214,3.8815637979434374,3.471571171697154,3.7166663291162445,3.5185990442458692
2,41783234,3.295836866004329,3.358036947139276,3.789905917830809,3.4379412453391516
2,42363202,3.591817741270805,3.565686377255629,3.935901646184736,3.6539121475662832
1,42463162,4.109233174715851,3.51642713110355,3.914785514305841,3.649959409703431
6,41343142,4.0943445622221,3.8008833001365323,3.801459840604988,3.8177389046494583
6,41383140,3.8543938925915096,3.7136542317986,3.807846449826608,3.704377337673694
6,41763100,4.623010104116422,3.998347139167253,3.510655244136755,3.896512424570145
6,41603078,3.735285826928092,3.6160574855628616,3.7026689233680874,3.5739342650240906
0,45723100,4.259859000699674,3.878134575033699,3.5787831234029097,3.860279887147808
9,44963130,4.192680462942962,3.4392424051458343,3.3998376159410206,3.429958885603341
5,44023246,3.4436180975461075,3.6623085618659834,3.638395891714662,3.7736008736866666
7,44803176,3.8308129500026027,3.795307761663327,3.1417267911895617,3.536470972879766
7,45023176,3.505557396986398,3.445693559514225,3.2939220672409344,3.3498958985091773
8,42763476,3.4657359027997265,3.3173451497989896,3.8592636283241375,3.5222354383179884
9,44083090,4.065602093356446,3.6374148101767436,3.8587337061145686,3.669816950749267
4,41782754,4.799914262780603,4.519177073992332,4.631033176389919,4.545727303030823
4,41882776,4.816241156068032,4.157471200361165,4.431226032415499,4.200417696867986
4,42462780,3.6788291182604347,4.1041558736086,3.1946376673034185,3.9727946262908644
1,42283108,3.3214324131932926,4.215332661923086,3.701727393587734,4.118044935500419
1,42363108,4.036008985209137,4.057851545494189,3.3437869335052155,4.041132663375471
1,42423100,3.5467396869528134,4.072073031400067,4.000540268107189,4.078872783688837
1,42943146,5.563753830052498,3.8012734343404078,3.4633652794895062,3.8506592663727157
1,43123120,4.375757021660286,4.0747395392890695,3.7607901381634443,3.9906502201290848
1,43283124,3.597312260588446,4.150435907119677,3.2850278421157033,4.102252535529747
5,43423190,4.692264892839025,4.565327756066115,4.772326745172482,4.611146241915727
5,42983224,4.23410650459726,3.8224404163282086,3.5982135597082316,3.859574397192385
5,43023200,3.66612246699132,4.237177420927665,3.4821282637997992,4.294021863147094
5,43483300,3.6000482404073204,2.883025384743342,3.252820906531298,3.0443125204846475
2,41623298,2.9231615807191558,3.220127884668995,3.474840308653786,3.333256713403649
6,40563068,5.1310814471721224,4.2910144923237805,4.174832200631058,4.395028377168385
1,42503186,5.599902344168809,3.7079376691976615,3.912033747876914,3.7371401432765916
6,41603104,5.438948496287782,3.813477527191544,3.6291924103404716,3.769905665226726
1,42503180,5.6080055192624325,4.291357736790394,4.195469545238569,4.392350585574706
1,42183148,4.11251186617755,4.255808356636846,3.921889359184602,4.312206910263327
1,42323144,3.56953269648137,4.01577168860946,3.708643593726131,3.9158163645739665
0,45923114,4.504244267398131,3.958833584216279,3.3367310016973146,4.039646821433726
5,43763176,5.287256419188612,4.346935381830423,3.3760387552850566,4.2805785706742565
5,43943180,4.628886712605407,3.9343848508997157,3.5702028105343357,3.8645561363627015
9,44763100,4.293195420967266,3.5564258820019434,3.696552324228776,3.456492353691276
9,44383080,3.086486636822455,3.6619129287251067,4.035534707671823,4.004056447510847
6,41643072,4.645351975620923,3.9760483283418453,3.7512455405565666,3.935545704473814
0,45743266,3.4657359027997265,3.3444911568802236,2.6597405326046415,3.3009971876282473
7,44823244,1.410986973710262,3.3440243268820082,2.5413528565205556,3.3175678892798106
7,44763294,3.126760535960395,3.3869701010875275,2.795564913947249,3.2533053782114183
7,44783310,2.0014800002101243,3.49777231921878,3.8352705017684148,3.571552458173144
7,44883234,2.174751721484161,3.334545361581489,3.242459522158444,3.240729261057056
7,44923272,2.970414465569701,3.450100310880799,2.7687074710685975,3.173824860515186
7,44923290,3.2268439945173775,3.33644465655435,3.082434653107354,3.226251641739583
7,44943268,2.3978952727983707,3.255289103197175,2.9491707837785217,3.1281028428384077
7,44963220,2.6461747973841225,3.108257974721018,3.264750902867762,3.06854490940955
7,44983234,2.9652730660692823,3.345396315574633,3.408339064651434,3.292973533833522
7,45163216,3.039749158970765,3.364538745878897,3.4729632799967423,3.462187169804285
7,45183250,2.424802725718295,3.3064933517602935,3.0703559225230648,3.0903797689282477
0,45243238,2.33214389523559,2.846509966901644,2.7027439282734353,2.858930103915111
0,45243306,1.9740810260220096,2.9551945837375424,2.994861093991609,3.054521611457226
0,45263232,2.517696472610991,2.8791158927912766,2.5849619928209866,2.734560517843042
0,45383240,2.89591193827178,3.007765789457184,2.50617087328542,2.842260409842979
0,45443304,3.5779478934066544,3.2058580064316895,3.3946145381136237,3.2596701334721874
0,45603292,2.9069010598473755,3.3015624048820356,2.8875958674950266,3.223648783324196
0,45803232,2.2823823856765264,3.106139187524331,2.78338097099707,2.9857565026708683
0,45963310,1.9878743481543455,3.864246041910122,2.74118888540156,3.523132802355608
0,45983214,2.468099531471619,2.778264510299206,2.787728510960643,2.800874141435531
0,46043346,3.2733640101522705,2.676687912370894,2.735906200054878,2.7090368837347207
0,46303244,2.791165107812717,2.878122360108952,2.76802461212886,2.940403053834442
5,43743280,4.283586561860629,3.009189321589109,3.354544191404085,3.162506467695072
5,43783280,3.349904087274605,2.8109547810871027,2.917013849743448,2.8062502372644063
5,42723266,3.3250360206965914,3.1356995889800094,3.1104811720283148,3.0649296125149372
5,43223266,2.9444389791664403,2.652060369149237,2.7932624730942397,2.643009367829817
8,42763318,3.299533727885655,3.338527301456486,3.107404689324729,3.4434799924514663
5,43303296,3.1570004211501135,2.858993243480713,3.0599063572687277,2.9149012081208414
5,43643304,3.655839600035736,3.1288081270812427,3.0505759060138775,3.1459963381866674
5,43723306,3.3945083935113587,3.3070740865694717,2.9033204712467104,3.189037924143802
2,41383284,2.7536607123542622,3.323020373478392,3.651220597619305,3.344576281881177
2,41303178,3.367295829986474,3.561927671519929,3.8243951802758676,3.5409221240841133
0,45983142,4.039536325727106,3.46160336392356,3.303829579950867,3.551106290105565
0,46103168,3.8394523125933104,3.4149897297910115,3.040279207133266,3.430285565612008
5,43983288,3.5496173867804286,2.9434406497757832,2.9889958252041473,2.965606922711179
5,44043276,4.545420181582317,2.817995242544335,2.7688229493019665,2.805246303785212
7,44203254,2.3978952727983707,3.344609418459736,3.2069843431569787,3.2473439057749944
7,44223258,2.272125885509337,3.5532332082138054,3.3174995453356484,3.3957759885967236
7,44503244,1.7578579175523736,3.140971026267215,3.0029089593356297,3.027080937554074
7,44663198,3.109060958860994,3.2084703244065853,2.8306123149781435,3.0509596645119132
7,44923174,3.493472657771326,3.234910990819957,3.313713436965452,3.2206003101360996
0,45463200,3.3843902633457743,3.742754362706521,3.2693020770375694,3.6417070953423702
2,41683290,3.292126286607793,3.390106042657285,3.630118899737328,3.590803684449136
4,41642752,3.960813169597578,4.501405661564103,4.282883888002539,4.333324151802155
4,42802824,3.770459441106359,3.499382964254746,3.781717808006881,3.666239389343988
4,43022740,3.543853682063679,4.139316394378619,4.021701511863995,4.220625543431097
0,45583298,2.5494451709255714,4.073634303282787,2.989027596683714,3.9560580399611203
1,42363076,4.050044303325521,3.8518656237650233,3.830431757423364,3.9896450911524526
1,42543090,3.104586678466073,3.735462601934595,3.9376368729962623,3.86300681281063
1,42443112,4.239886867512759,3.9066096056341952,4.182134328592793,4.053796416094079
1,42943098,3.616308761279101,4.157495827426348,3.98828978040002,4.1305495334978275
1,43023106,3.7773481021015445,3.6917122909553526,4.0195637183350215,3.8175900161871685
5,43663170,4.536891345234797,4.094665966225838,3.895832175047125,4.079279958261544
5,43763252,3.104586678466073,3.5199916382791443,3.5699414027233396,3.7129465375726665
2,42463294,5.209486152841421,3.350267251122629,3.81044177916532,3.503158142614361
6,41823112,4.394449154672439,4.116296605519497,3.6871124415751515,4.036155380780808
1,42243136,4.969118613893322,4.18088849390242,3.8675037517366286,4.2608052009675745
6,41743072,4.11251186617755,3.902085938642189,3.7627364483482855,3.976247638685601
5,43923244,3.543853682063679,3.4477063712178575,3.5248104664057602,3.4190186197243557
9,44163086,3.5467396869528134,4.153057051222287,3.923070938468232,4.222454851411492
0,45423284,3.3357695763397,3.5208371505466296,3.4327711204234355,3.46743133612725
0,45823278,3.7256934272366524,3.7897216491332286,3.4372163729968928,3.6458922201405852
7,45063274,3.349904087274605,3.196477913808882,3.0571789696192346,3.1617183401025204
0,45423302,3.7864597824528,3.120429421280838,3.445300480863656,3.2013379036615994
0,45583334,3.367295829986474,3.6204429281770727,3.3494395398618364,3.5976580368695212
0,45823296,2.379546134130174,3.6872540608432587,3.388370334958111,3.663588040919546
0,45983232,3.380994674344636,2.9187572844636764,2.7162732848845472,2.845696099548288
0,46063266,2.803360380906535,3.6852507747368835,3.508032762360227,3.68062162284472
0,46183264,2.772588722239781,3.5020285324770355,3.4872823804633746,3.593287266647336
1,42543086,4.4953553199808844,4.081411428390183,3.9292183988165563,4.031663404216898
1,42863078,4.219507705176107,3.934807716916498,3.8478263143151556,3.9757016078327654
1,43043086,3.086486636822455,3.5686930927531715,3.711938996198453,3.6522728868155316
1,43143096,3.6216707044204863,4.090686318641503,3.848566353684395,4.106438646567487
5,43583284,3.9569963710708773,3.2922022048682833,3.455779562558331,3.3823972160102533
5,43383316,3.9415818076696905,3.1503009599378933,3.488816122078405,3.2322743076850213
5,43883278,3.5467396869528134,2.9905294490602845,2.797834718566901,2.917789205344952
7,44103280,4.177459468932607,3.3782326971028165,3.2902832581433383,3.220762004163815
7,44163288,3.353406717825807,3.266696104900469,3.458868921044888,3.346850322049803
7,44963202,3.374168709274236,3.2481329866086086,3.0508762212633953,3.1696889385985028
0,45843316,3.0633909220278057,3.9102332848949612,3.506011700439926,3.9264324955885628
0,45923270,2.8791984572980396,3.5097099434274157,3.4545281969848545,3.520691316004536
1,42263094,3.901972669574645,4.041213884826889,3.9066654282572753,4.18562954883906
1,42463122,2.2925347571405443,3.718801989219627,4.020725551833189,3.8347249245056205
1,42603100,3.250374491927572,3.6332664702831106,3.8942786136351,3.7607758767427786
1,42903112,3.3032169733019514,4.021605312908901,3.86387080988602,4.044330234713449
1,42943084,3.2188758248682006,3.511296927413448,3.951533347321543,3.6474894545868497
5,43423280,3.8480176754522337,3.4506706854410103,3.7296822616422096,3.4232039290048086
1,42583182,4.751864565138895,3.9559671769917766,3.597133518886268,3.8688103490738386
1,42763174,4.122283930911342,3.989458405399177,4.046839020569236,4.165214646902938
9,43783136,3.4781584227982836,3.7782702349157695,3.619386154234593,3.718226086079378
9,43883134,3.475067230228611,3.694588486809555,3.6396421363017772,3.7115763596231206
5,43263184,5.6736668507515775,3.875576291139456,3.7215689535104373,3.9113163526940427
1,42323114,2.9444389791664403,3.7431346732409647,3.7285089686340425,3.944551832256597
0,46003300,2.1041341542702074,3.3224851473610477,2.8950022552254997,3.276728312673313
5,43583194,3.6136169696133895,4.425950167568985,3.299267107331339,4.257414660510337
2,41783356,6.2760794205102926,3.0455105760933883,3.170565396541813,3.0924120952793515
6,41142930,2.8094026953624973,3.638631631359763,3.7849595397519025,3.655638133209483
0,45863256,3.2068032436339315,3.4904024037411348,3.227591225637783,3.420234280405756
8,42443472,3.696351468952637,4.304683699381288,4.387629277981358,4.392950308432538
3,43742902,2.9806186357439426,3.1525573341886597,3.435425476561865,3.0956200537256993
2,41583370,3.407841924380824,3.4279188838990557,3.144866099098455,3.319398466036226
6,40803010,3.250374491927572,3.65471254870634,3.411024382137678,3.565347157813112
0,45323152,2.4423470353692043,3.5179285562957263,3.2397596398070148,3.4526412853203072
3,44882950,3.9415818076696905,3.642514788425408,3.8288855128861967,3.6768846830151127
2,42563304,3.4995332823830174,3.0676719308417764,2.9155155237939856,3.010735609846374
2,41743198,4.55597994179732,3.4432477328598283,3.6970408479315227,3.5913626216416907
0,45743122,4.472780997942346,3.6911655055309507,3.6420986119243777,3.6673601834991323
9,43583108,3.4657359027997265,3.6195187206458126,3.703056470645547,3.6288844258877306
0,45723316,3.7184382563554808,3.3766430534697394,3.5367119484635077,3.272877543764977
0,45963320,2.653241964607215,2.7390458024476385,3.230973582157982,2.6741149967452045
8,42483466,3.1179499062782403,4.300037550542204,4.207201579383971,4.227115206480034
8,43083392,3.0587070727153796,4.076873764315035,3.5966608385688015,3.979118958040311
7,44083356,2.833213344056216,2.8332257764551225,3.0614851261599343,2.8364242292761754
6,41962952,2.8390784635086144,3.154828749969248,2.789582997438137,3.067587581086882
