feature_set,year,block,ROC_AUC,PR_AUC,Brier,n_test,n_train,prevalence
Stack,2018,0,0.46589339961336645,0.7140402654776405,0.4967092275619507,193,10698,0.736
Stack,2018,1,0.5568755568755569,0.4979139510842583,0.34799209237098694,165,10866,0.448
Stack,2018,2,0.5331453634085214,0.5246264194051646,0.3221842646598816,181,10770,0.42
Stack,2018,3,0.4908422459893048,0.41815491605568883,0.3356913924217224,178,10788,0.382
Stack,2018,4,0.4685758655339362,0.5549450915381624,0.4628305733203888,212,10584,0.58
Stack,2018,5,0.5821437757201646,0.68873281809229,0.4454597532749176,258,10308,0.628
Stack,2018,6,0.6072737686139749,0.5649409845603127,0.3659036457538605,187,10734,0.481
Stack,2018,7,0.42429792429792434,0.336285116096554,0.29835838079452515,191,10710,0.34
Stack,2018,8,0.451705940108002,0.5233393937039482,0.4387674033641815,181,10770,0.536
Stack,2018,9,0.5975064935064935,0.8303381972613669,0.5789102911949158,230,10476,0.761
Stack,2019,0,0.5347619047619048,0.1447306807844601,0.11823949962854385,193,10698,0.13
Stack,2019,1,0.6166560712015258,0.3696311467036109,0.20005139708518982,165,10866,0.133
Stack,2019,2,0.5100129198966409,0.09186775682471521,0.0573958195745945,181,10770,0.05
Stack,2019,3,0.47904761904761906,0.023238524661661195,0.03243798762559891,178,10788,0.017
Stack,2019,4,0.4424495341614907,0.12790087617314935,0.2471088171005249,212,10584,0.132
Stack,2019,5,0.6930555555555555,0.18537198294955656,0.1581626832485199,258,10308,0.116
Stack,2019,6,0.5377532228360958,0.03727937761279236,0.038568977266550064,187,10734,0.032
Stack,2019,7,0.5989010989010989,0.06890266218606017,0.05909326672554016,191,10710,0.047
Stack,2019,8,0.4646198830409357,0.06856659416790731,0.0917961373925209,181,10770,0.055
Stack,2019,9,0.54,0.033918337140731086,0.07144106924533844,230,10476,0.022
Stack,2020,0,0.294987922705314,0.03420575621665753,0.28775307536125183,193,10698,0.047
Stack,2020,1,0.3546099290780142,0.15319606644968572,0.26770246028900146,165,10866,0.145
Stack,2020,2,0.9162011173184358,0.09555555555555556,0.2042679786682129,181,10770,0.011
Stack,2020,3,0.41002859477124187,0.16547138619006957,0.2659432590007782,178,10788,0.191
Stack,2020,4,0.39795129493621956,0.0653409294567355,0.22899815440177917,212,10584,0.061
Stack,2020,5,0.38096816976127323,0.07831438741937657,0.23750872910022736,258,10308,0.101
Stack,2020,6,0.5601796407185629,0.1175553997455775,0.2640571892261505,187,10734,0.107
Stack,2020,7,0.41977513227513225,0.27050097740757423,0.32073020935058594,191,10710,0.293
Stack,2020,8,0.5870279146141214,0.05400443575073699,0.20232905447483063,181,10770,0.039
Stack,2020,9,0.3920852803738318,0.06057418277124208,0.2154742032289505,230,10476,0.07
Stack,2021,0,0.43421052631578944,0.018130826873996274,0.028709372505545616,193,10698,0.016
Stack,2021,1,0.4958847736625514,0.022957477305303394,0.019475681707262993,165,10866,0.018
Stack,2021,2,0.6914596273291924,0.21919501234401034,0.09723836183547974,181,10770,0.11
Stack,2021,3,0.48051697530864196,0.090082922065982,0.09972977638244629,178,10788,0.09
Stack,2021,4,0.5205254515599343,0.052593034606651656,0.046082086861133575,212,10584,0.042
Stack,2021,5,0.5062472110664882,0.07005824889343193,0.03555222973227501,258,10308,0.035
Stack,2021,6,0.4962422634836428,0.07023663884398462,0.07211706787347794,187,10734,0.07
Stack,2021,7,0.4442838792549775,0.08454804354522445,0.09075889736413956,191,10710,0.094
Stack,2021,8,0.7512919896640827,0.1828336272780717,0.04562601447105408,181,10770,0.05
Stack,2021,9,0.5952380952380952,0.03481244228110188,0.027010807767510414,230,10476,0.026
Stack,2022,0,0.5908738938053097,0.484751880370149,0.30205443501472473,193,10698,0.415
Stack,2022,1,0.5354770531400966,0.6120087346256881,0.4628688395023346,165,10866,0.582
Stack,2022,2,0.4616462793068298,0.6028248316336227,0.4952758550643921,181,10770,0.602
Stack,2022,3,0.6010267210741082,0.6872935518220853,0.37282463908195496,178,10788,0.601
Stack,2022,4,0.4690346083788708,0.44432869680034753,0.34453704953193665,212,10584,0.425
Stack,2022,5,0.40358838732944646,0.44515921239522693,0.4079202711582184,258,10308,0.492
Stack,2022,6,0.4760498687664042,0.6657446625028347,0.5247093439102173,187,10734,0.679
Stack,2022,7,0.34595959595959597,0.4949886003386163,0.42048731446266174,191,10710,0.576
Stack,2022,8,0.5551851851851851,0.6029486296290784,0.4235962927341461,181,10770,0.552
Stack,2022,9,0.505610736219577,0.5409566031121683,0.47296544909477234,230,10476,0.526
Stack,2023,0,0.125,0.005917159763313609,0.03282447159290314,193,10698,0.005
Stack,2023,1,0.3847736625514403,0.01875997127713375,0.052000969648361206,165,10866,0.018
Stack,2023,2,0.6055487305487306,0.26225305112552577,0.15986226499080658,181,10770,0.182
Stack,2023,3,0.41943385955362,0.05793573425895397,0.06727170944213867,178,10788,0.062
Stack,2023,4,0.38521634615384615,0.028751954466940212,0.057538311928510666,212,10584,0.019
Stack,2023,5,0.2701719576719577,0.01753465776014064,0.08208151161670685,258,10308,0.023
Stack,2023,6,0.48190476190476195,0.0651301294885664,0.06280013918876648,187,10734,0.064
Stack,2023,7,0.5597677595628415,0.05084326841790727,0.040869876742362976,191,10710,0.042
Stack,2023,8,0.4101506456241033,0.09216709661530464,0.09190541505813599,181,10770,0.094
Stack,2023,9,0.6798825256975036,0.036658249158249154,0.051929622888565063,230,10476,0.013
Stack,2024,0,0.5340314136125655,0.022795698924731184,0.052639223635196686,193,10698,0.01
Stack,2024,1,0.47282608695652173,0.050741884813201424,0.12145870923995972,165,10866,0.024
Stack,2024,2,0.35852272727272727,0.02588948548928889,0.03996153175830841,181,10770,0.028
Stack,2024,3,0.33914728682170536,0.03135336976330402,0.04165239259600639,178,10788,0.034
Stack,2024,4,0.25598086124401914,0.01247952497952498,0.22694018483161926,212,10584,0.014
Stack,2024,5,0.26751450245426145,0.03313717374554395,0.17305636405944824,258,10308,0.035
Stack,2024,6,0.581081081081081,0.02074213049822806,0.03530362248420715,187,10734,0.011
Stack,2024,7,0.46720430107526884,0.22174973971381157,0.05773642286658287,191,10710,0.026
Stack,2024,8,0.4681647940074906,0.022086056644880173,0.0408409982919693,181,10770,0.017
Stack,2024,9,0.43229166666666663,0.02771248919096721,0.07341964542865753,230,10476,0.026
AEF,2018,0,0.3841480254073461,0.6781196225223911,0.5427449345588684,193,10698,0.736
AEF,2018,1,0.5723195723195723,0.5211244503225583,0.2566944360733032,165,10866,0.448
AEF,2018,2,0.5681704260651629,0.49094678161904703,0.2808171808719635,181,10770,0.42
AEF,2018,3,0.5155080213903743,0.39645361575202975,0.29025083780288696,178,10788,0.382
AEF,2018,4,0.5413355257148077,0.6497317423569333,0.3060934245586395,212,10584,0.58
AEF,2018,5,0.5265560699588477,0.6400148713928817,0.3391766846179962,258,10308,0.628
AEF,2018,6,0.556815578465063,0.5399468483130632,0.28433164954185486,187,10734,0.481
AEF,2018,7,0.39572649572649576,0.2904566551690268,0.29025471210479736,191,10710,0.34
AEF,2018,8,0.5344869906725577,0.5915815937721037,0.31568101048469543,181,10770,0.536
AEF,2018,9,0.4437402597402597,0.745638207578265,0.5021068453788757,230,10476,0.761
AEF,2019,0,0.47,0.11815920487889323,0.12400709837675095,193,10698,0.13
AEF,2019,1,0.46312778130959953,0.1353925362047,0.12544932961463928,165,10866,0.133
AEF,2019,2,0.6227390180878553,0.07594963577539438,0.06623329967260361,181,10770,0.05
AEF,2019,3,0.5352380952380952,0.02540414680512995,0.025630053132772446,178,10788,0.017
AEF,2019,4,0.5056288819875777,0.13953245762928476,0.12671025097370148,212,10584,0.132
AEF,2019,5,0.4472222222222222,0.10904764118192883,0.1140330508351326,258,10308,0.116
AEF,2019,6,0.48526703499079193,0.038511375644697414,0.04391465708613396,187,10734,0.032
AEF,2019,7,0.615995115995116,0.10278325805088483,0.05104611814022064,191,10710,0.047
AEF,2019,8,0.6274853801169591,0.11135392104513357,0.08156643807888031,181,10770,0.055
AEF,2019,9,0.48533333333333334,0.025147033879847378,0.04752114415168762,230,10476,0.022
AEF,2020,0,0.3786231884057971,0.04213415785867389,0.059618402272462845,193,10698,0.047
AEF,2020,1,0.6016548463356974,0.23601065220998058,0.1269758939743042,165,10866,0.145
AEF,2020,2,0.2011173184357542,0.010114003228410008,0.06365402042865753,181,10770,0.011
AEF,2020,3,0.3423202614379085,0.14393483166254106,0.1888560652732849,178,10788,0.191
AEF,2020,4,0.41167375338229606,0.0729314536891979,0.06978821009397507,212,10584,0.061
AEF,2020,5,0.4568965517241379,0.13380149165309668,0.10290291905403137,258,10308,0.101
AEF,2020,6,0.424251497005988,0.10029122134769126,0.11044958978891373,187,10734,0.107
AEF,2020,7,0.3355820105820106,0.22520128024838637,0.2602471709251404,191,10710,0.293
AEF,2020,8,0.42282430213464695,0.03792863718813282,0.13293327391147614,181,10770,0.039
AEF,2020,9,0.40508177570093457,0.06131642506025944,0.11947949230670929,230,10476,0.07
AEF,2021,0,0.12280701754385961,0.011527416156869388,0.038781873881816864,193,10698,0.016
AEF,2021,1,0.6172839506172839,0.03038545653362493,0.029751809313893318,165,10866,0.018
AEF,2021,2,0.43819875776397527,0.10720739447458151,0.10336499661207199,181,10770,0.11
AEF,2021,3,0.5092592592592593,0.09124725189820639,0.08634047955274582,178,10788,0.09
AEF,2021,4,0.42309797482211275,0.14752539597247485,0.052345484495162964,212,10584,0.042
AEF,2021,5,0.4841588576528336,0.03760986465152856,0.04436657205224037,258,10308,0.035
AEF,2021,6,0.6259946949602122,0.16769816398085277,0.06810256093740463,187,10734,0.07
AEF,2021,7,0.6644187540141298,0.2184141816936447,0.08244697004556656,191,10710,0.094
AEF,2021,8,0.5187338501291989,0.05526903906500591,0.06155896186828613,181,10770,0.05
AEF,2021,9,0.44494047619047616,0.03362661455844606,0.0482851043343544,230,10476,0.026
AEF,2022,0,0.5464601769911505,0.4789117538918779,0.29679059982299805,193,10698,0.415
AEF,2022,1,0.3988526570048309,0.5029552418828602,0.4160696268081665,165,10866,0.582
AEF,2022,2,0.5797655453618756,0.702009907265443,0.38462933897972107,181,10770,0.602
AEF,2022,3,0.429511649335264,0.5898382267071022,0.460714191198349,178,10788,0.601
AEF,2022,4,0.4514571948998179,0.3822515792144341,0.3312762677669525,212,10584,0.425
AEF,2022,5,0.5100679208992006,0.554762218198108,0.3339187800884247,258,10308,0.492
AEF,2022,6,0.604724409448819,0.7401055621166471,0.4319874048233032,187,10734,0.679
AEF,2022,7,0.46801346801346805,0.5761039476543572,0.42168930172920227,191,10710,0.576
AEF,2022,8,0.5696296296296296,0.601273544419862,0.3348143696784973,181,10770,0.552
AEF,2022,9,0.4669042383804686,0.5022354421108961,0.38339492678642273,230,10476,0.526
AEF,2023,0,0.609375,0.013157894736842105,0.03396023437380791,193,10698,0.005
AEF,2023,1,0.44855967078189296,0.022416524486689838,0.038040440529584885,165,10866,0.018
AEF,2023,2,0.5610155610155609,0.2156018830207944,0.15581904351711273,181,10770,0.182
AEF,2023,3,0.5057158410451823,0.0642636237481931,0.06619869917631149,178,10788,0.062
AEF,2023,4,0.4399038461538461,0.0331431736335477,0.04623249173164368,212,10584,0.019
AEF,2023,5,0.5654761904761905,0.04784051766853281,0.037333667278289795,258,10308,0.023
AEF,2023,6,0.6842857142857144,0.12356858763261928,0.062102098017930984,187,10734,0.064
AEF,2023,7,0.8538251366120219,0.20683661145617666,0.039839230477809906,191,10710,0.042
AEF,2023,8,0.43364418938307037,0.14782270341425555,0.10275380313396454,181,10770,0.094
AEF,2023,9,0.4977973568281938,0.019416046110480038,0.03978706896305084,230,10476,0.013
AEF,2024,0,0.4424083769633508,0.013938805245264693,0.09349728375673294,193,10698,0.01
AEF,2024,1,0.2437888198757764,0.019339445466171844,0.07654944062232971,165,10866,0.024
AEF,2024,2,0.4840909090909091,0.23217672772635103,0.039371613413095474,181,10770,0.028
AEF,2024,3,0.5959302325581395,0.0815503410524287,0.039718642830848694,178,10788,0.034
AEF,2024,4,0.4832535885167464,0.01839961952321503,0.059891682118177414,212,10584,0.014
AEF,2024,5,0.3315484158857653,0.028295413548267208,0.08180863410234451,258,10308,0.035
AEF,2024,6,0.33783783783783783,0.011827956989247313,0.06214255094528198,187,10734,0.011
AEF,2024,7,0.578494623655914,0.040141774782577924,0.06638994812965393,191,10710,0.026
AEF,2024,8,0.4438202247191011,0.021146964893616477,0.05419880896806717,181,10770,0.017
AEF,2024,9,0.47916666666666663,0.038562363220650014,0.11224949359893799,230,10476,0.026
AEF+Stack,2018,0,0.41991162662248005,0.681242840396826,0.5196635723114014,193,10698,0.736
AEF+Stack,2018,1,0.5176715176715176,0.44957315683816845,0.32315197587013245,165,10866,0.448
AEF+Stack,2018,2,0.5646616541353384,0.5263959733248764,0.30997154116630554,181,10770,0.42
AEF+Stack,2018,3,0.48302139037433156,0.40851397230445885,0.31988951563835144,178,10788,0.382
AEF+Stack,2018,4,0.5489175116470265,0.6332379696427219,0.37188205122947693,212,10584,0.58
AEF+Stack,2018,5,0.529835390946502,0.669453228250784,0.4152257442474365,258,10308,0.628
AEF+Stack,2018,6,0.5733104238258877,0.5069056391651143,0.3426344692707062,187,10734,0.481
AEF+Stack,2018,7,0.3953601953601954,0.34317513209046996,0.2898766100406647,191,10710,0.34
AEF+Stack,2018,8,0.4917771232204222,0.544710170764783,0.37898194789886475,181,10770,0.536
AEF+Stack,2018,9,0.5236363636363636,0.7824933827829519,0.5071442723274231,230,10476,0.761
AEF+Stack,2019,0,0.4023809523809524,0.11043207419016539,0.12500254809856415,193,10698,0.13
AEF+Stack,2019,1,0.5359186268277177,0.23715465719833673,0.11753468215465546,165,10866,0.133
AEF+Stack,2019,2,0.6246770025839793,0.0899486228821725,0.048365868628025055,181,10770,0.05
AEF+Stack,2019,3,0.43047619047619046,0.01911387664563708,0.025553017854690552,178,10788,0.017
AEF+Stack,2019,4,0.5027173913043479,0.14345055473169713,0.1325429379940033,212,10584,0.132
AEF+Stack,2019,5,0.5940058479532164,0.15275247913349904,0.10600379854440689,258,10308,0.116
AEF+Stack,2019,6,0.5257826887661141,0.044334633794663694,0.034076154232025146,187,10734,0.032
AEF+Stack,2019,7,0.543956043956044,0.05236170060858557,0.04960528388619423,191,10710,0.047
AEF+Stack,2019,8,0.6660818713450292,0.22303341788231157,0.0562908835709095,181,10770,0.055
AEF+Stack,2019,9,0.42044444444444445,0.02241776105972093,0.044077299535274506,230,10476,0.022
AEF+Stack,2020,0,0.40942028985507245,0.0499497909084121,0.23971828818321228,193,10698,0.047
AEF+Stack,2020,1,0.4787234042553191,0.17394872544779874,0.19511644542217255,165,10866,0.145
AEF+Stack,2020,2,0.5391061452513967,0.01778880226789511,0.30837899446487427,181,10770,0.011
AEF+Stack,2020,3,0.35825163398692816,0.14571156970565008,0.27479591965675354,178,10788,0.191
AEF+Stack,2020,4,0.42674913026671824,0.054340946549519833,0.1827036589384079,212,10584,0.061
AEF+Stack,2020,5,0.46153846153846156,0.0995295766765103,0.17611631751060486,258,10308,0.101
AEF+Stack,2020,6,0.37485029940119763,0.08973191634649887,0.22955620288848877,187,10734,0.107
AEF+Stack,2020,7,0.40820105820105823,0.2505956467561369,0.28512653708457947,191,10710,0.293
AEF+Stack,2020,8,0.5730706075533661,0.059432416749658296,0.3167559802532196,181,10770,0.039
AEF+Stack,2020,9,0.36477803738317754,0.06305072539828516,0.1866222321987152,230,10476,0.07
AEF+Stack,2021,0,0.30526315789473685,0.015211175636463391,0.016566112637519836,193,10698,0.016
AEF+Stack,2021,1,0.8251028806584362,0.06346749226006192,0.018980849534273148,165,10866,0.018
AEF+Stack,2021,2,0.587888198757764,0.24093269328892886,0.09816128760576248,181,10770,0.11
AEF+Stack,2021,3,0.5470679012345679,0.1559307644068466,0.08321882039308548,178,10788,0.09
AEF+Stack,2021,4,0.7038861521620142,0.08176076642909878,0.04236115142703056,212,10584,0.042
AEF+Stack,2021,5,0.5537706381079875,0.14810977199433056,0.03424752876162529,258,10308,0.035
AEF+Stack,2021,6,0.6547303271441203,0.1789835579679066,0.06394775956869125,187,10734,0.07
AEF+Stack,2021,7,0.7077713551701991,0.18377349277570446,0.08617987483739853,191,10710,0.094
AEF+Stack,2021,8,0.7338501291989663,0.1302907787727838,0.04659338295459747,181,10770,0.05
AEF+Stack,2021,9,0.5989583333333333,0.03713704071026934,0.02599804848432541,230,10476,0.026
AEF+Stack,2022,0,0.5173672566371682,0.43830876753175874,0.28574395179748535,193,10698,0.415
AEF+Stack,2022,1,0.4464070048309179,0.5428995851383634,0.4378674030303955,165,10866,0.582
AEF+Stack,2022,2,0.5905963302752295,0.6681373102444518,0.4670270085334778,181,10770,0.602
AEF+Stack,2022,3,0.5481110964854548,0.6180863969933043,0.42279157042503357,178,10788,0.601
AEF+Stack,2022,4,0.45309653916211295,0.3972920052011646,0.35029155015945435,212,10584,0.425
AEF+Stack,2022,5,0.47929314179239046,0.483966643649251,0.3767874240875244,258,10308,0.492
AEF+Stack,2022,6,0.5565616797900262,0.713846222400792,0.5223996639251709,187,10734,0.679
AEF+Stack,2022,7,0.34657687991021324,0.49413356571872946,0.43456798791885376,191,10710,0.576
AEF+Stack,2022,8,0.5106172839506173,0.566935032770699,0.4012911319732666,181,10770,0.552
AEF+Stack,2022,9,0.5320342709833952,0.5581685287070657,0.45943179726600647,230,10476,0.526
AEF+Stack,2023,0,0.5416666666666667,0.011235955056179775,0.009392197243869305,193,10698,0.005
AEF+Stack,2023,1,0.3477366255144033,0.02003313520530163,0.03929847851395607,165,10866,0.018
AEF+Stack,2023,2,0.494062244062244,0.22435585113386852,0.1664380431175232,181,10770,0.182
AEF+Stack,2023,3,0.5552531301034295,0.0823658711344221,0.062167178839445114,178,10788,0.062
AEF+Stack,2023,4,0.359375,0.018022541877003688,0.0633217990398407,212,10584,0.019
AEF+Stack,2023,5,0.44576719576719576,0.03589912858463437,0.04245593398809433,258,10308,0.023
AEF+Stack,2023,6,0.7285714285714285,0.20059788217178676,0.0571221224963665,187,10734,0.064
AEF+Stack,2023,7,0.878415300546448,0.2290294861906115,0.03720901161432266,191,10710,0.042
AEF+Stack,2023,8,0.5333572453371592,0.10407493663770159,0.08901918679475784,181,10770,0.094
AEF+Stack,2023,9,0.7004405286343613,0.03488620199146515,0.03883720189332962,230,10476,0.013
AEF+Stack,2024,0,0.5549738219895288,0.01689664883131512,0.08612760901451111,193,10698,0.01
AEF+Stack,2024,1,0.16925465838509315,0.017404698719755377,0.21501363813877106,165,10866,0.024
AEF+Stack,2024,2,0.36818181818181817,0.04813729613425849,0.03827282786369324,181,10770,0.028
AEF+Stack,2024,3,0.37984496124031003,0.03683183090522782,0.06185345724225044,178,10788,0.034
AEF+Stack,2024,4,0.5901116427432216,0.030250136603727763,0.18764063715934753,212,10584,0.014
AEF+Stack,2024,5,0.19723337795626952,0.0225718107055942,0.19972044229507446,258,10308,0.035
AEF+Stack,2024,6,0.3189189189189189,0.01166984213391399,0.05437562242150307,187,10734,0.011
AEF+Stack,2024,7,0.5344086021505376,0.033268467086197476,0.07672373950481415,191,10710,0.026
AEF+Stack,2024,8,0.5955056179775281,0.043948412698412695,0.044766105711460114,181,10770,0.017
AEF+Stack,2024,9,0.3132440476190476,0.02420673273312837,0.1046876460313797,230,10476,0.026
